participant_id,age_range,education_profile,probability_familiarity,participant_created_at,finalized_at,question_id,condition,block,position,answer_index,correct,latency_seconds,response_created_at
1,18-24,Mixto,4,2026-06-01T00:05:00+00:00,2026-06-01T00:17:00+00:00,q01,A,1,0,3,1,23.672,2026-06-01T00:05:26.671781+00:00
1,18-24,Mixto,4,2026-06-01T00:05:00+00:00,2026-06-01T00:17:00+00:00,q08,A,1,1,1,0,28.693,2026-06-01T00:05:58.365252+00:00
1,18-24,Mixto,4,2026-06-01T00:05:00+00:00,2026-06-01T00:17:00+00:00,q07,A,1,2,2,0,25.277,2026-06-01T00:06:26.642581+00:00
1,18-24,Mixto,4,2026-06-01T00:05:00+00:00,2026-06-01T00:17:00+00:00,q10,A,1,3,1,1,21.391,2026-06-01T00:06:51.033553+00:00
1,18-24,Mixto,4,2026-06-01T00:05:00+00:00,2026-06-01T00:17:00+00:00,q09,A,1,4,1,0,20.973,2026-06-01T00:07:15.006246+00:00
1,18-24,Mixto,4,2026-06-01T00:05:00+00:00,2026-06-01T00:17:00+00:00,q04,A,1,5,2,1,24.224,2026-06-01T00:07:42.229824+00:00
1,18-24,Mixto,4,2026-06-01T00:05:00+00:00,2026-06-01T00:17:00+00:00,q06,A,1,6,2,0,30.135,2026-06-01T00:08:15.364498+00:00
1,18-24,Mixto,4,2026-06-01T00:05:00+00:00,2026-06-01T00:17:00+00:00,q03,A,1,7,3,1,23.521,2026-06-01T00:08:41.885537+00:00
1,18-24,Mixto,4,2026-06-01T00:05:00+00:00,2026-06-01T00:17:00+00:00,q05,A,1,8,2,1,26.535,2026-06-01T00:09:11.420402+00:00
1,18-24,Mixto,4,2026-06-01T00:05:00+00:00,2026-06-01T00:17:00+00:00,q02,A,1,9,2,0,33.995,2026-06-01T00:09:48.415322+00:00
1,18-24,Mixto,4,2026-06-01T00:05:00+00:00,2026-06-01T00:17:00+00:00,q04,B,2,0,1,1,16.537,2026-06-01T00:10:07.952501+00:00
1,18-24,Mixto,4,2026-06-01T00:05:00+00:00,2026-06-01T00:17:00+00:00,q08,B,2,1,2,0,23.122,2026-06-01T00:10:34.074169+00:00
1,18-24,Mixto,4,2026-06-01T00:05:00+00:00,2026-06-01T00:17:00+00:00,q07,B,2,2,2,0,22.281,2026-06-01T00:10:59.355417+00:00
1,18-24,Mixto,4,2026-06-01T00:05:00+00:00,2026-06-01T00:17:00+00:00,q05,B,2,3,3,1,20.975,2026-06-01T00:11:23.330495+00:00
1,18-24,Mixto,4,2026-06-01T00:05:00+00:00,2026-06-01T00:17:00+00:00,q09,B,2,4,1,1,23.66,2026-06-01T00:11:49.990496+00:00
1,18-24,Mixto,4,2026-06-01T00:05:00+00:00,2026-06-01T00:17:00+00:00,q01,B,2,5,3,1,22.851,2026-06-01T00:12:15.841933+00:00
1,18-24,Mixto,4,2026-06-01T00:05:00+00:00,2026-06-01T00:17:00+00:00,q06,B,2,6,3,1,22.651,2026-06-01T00:12:41.493344+00:00
1,18-24,Mixto,4,2026-06-01T00:05:00+00:00,2026-06-01T00:17:00+00:00,q02,B,2,7,2,1,18.657,2026-06-01T00:13:03.150725+00:00
1,18-24,Mixto,4,2026-06-01T00:05:00+00:00,2026-06-01T00:17:00+00:00,q10,B,2,8,2,1,18.844,2026-06-01T00:13:24.995128+00:00
1,18-24,Mixto,4,2026-06-01T00:05:00+00:00,2026-06-01T00:17:00+00:00,q03,B,2,9,3,1,16.364,2026-06-01T00:13:44.358637+00:00
2,35-44,Humanistico,4,2026-06-01T00:10:00+00:00,2026-06-01T00:22:00+00:00,q01,B,1,0,1,1,18.058,2026-06-01T00:10:21.058122+00:00
2,35-44,Humanistico,4,2026-06-01T00:10:00+00:00,2026-06-01T00:22:00+00:00,q02,B,1,1,1,1,14.642,2026-06-01T00:10:38.700239+00:00
2,35-44,Humanistico,4,2026-06-01T00:10:00+00:00,2026-06-01T00:22:00+00:00,q09,B,1,2,3,1,16.138,2026-06-01T00:10:57.838539+00:00
2,35-44,Humanistico,4,2026-06-01T00:10:00+00:00,2026-06-01T00:22:00+00:00,q05,B,1,3,1,1,22.9,2026-06-01T00:11:23.738577+00:00
2,35-44,Humanistico,4,2026-06-01T00:10:00+00:00,2026-06-01T00:22:00+00:00,q03,B,1,4,1,1,20.666,2026-06-01T00:11:47.404444+00:00
2,35-44,Humanistico,4,2026-06-01T00:10:00+00:00,2026-06-01T00:22:00+00:00,q07,B,1,5,1,1,21.918,2026-06-01T00:12:12.322900+00:00
2,35-44,Humanistico,4,2026-06-01T00:10:00+00:00,2026-06-01T00:22:00+00:00,q04,B,1,6,3,1,18.475,2026-06-01T00:12:33.798074+00:00
2,35-44,Humanistico,4,2026-06-01T00:10:00+00:00,2026-06-01T00:22:00+00:00,q06,B,1,7,2,1,22.045,2026-06-01T00:12:58.843358+00:00
2,35-44,Humanistico,4,2026-06-01T00:10:00+00:00,2026-06-01T00:22:00+00:00,q10,B,1,8,1,1,20.052,2026-06-01T00:13:21.895833+00:00
2,35-44,Humanistico,4,2026-06-01T00:10:00+00:00,2026-06-01T00:22:00+00:00,q08,B,1,9,2,1,22.795,2026-06-01T00:13:47.690450+00:00
2,35-44,Humanistico,4,2026-06-01T00:10:00+00:00,2026-06-01T00:22:00+00:00,q07,A,2,0,0,0,20.812,2026-06-01T00:14:11.502013+00:00
2,35-44,Humanistico,4,2026-06-01T00:10:00+00:00,2026-06-01T00:22:00+00:00,q09,A,2,1,3,1,21.197,2026-06-01T00:14:35.699001+00:00
2,35-44,Humanistico,4,2026-06-01T00:10:00+00:00,2026-06-01T00:22:00+00:00,q04,A,2,2,3,0,23.504,2026-06-01T00:15:02.202692+00:00
2,35-44,Humanistico,4,2026-06-01T00:10:00+00:00,2026-06-01T00:22:00+00:00,q06,A,2,3,0,1,21.079,2026-06-01T00:15:26.281498+00:00
2,35-44,Humanistico,4,2026-06-01T00:10:00+00:00,2026-06-01T00:22:00+00:00,q02,A,2,4,0,1,23.576,2026-06-01T00:15:52.857559+00:00
2,35-44,Humanistico,4,2026-06-01T00:10:00+00:00,2026-06-01T00:22:00+00:00,q10,A,2,5,3,1,17.745,2026-06-01T00:16:13.602813+00:00
2,35-44,Humanistico,4,2026-06-01T00:10:00+00:00,2026-06-01T00:22:00+00:00,q05,A,2,6,2,0,22.505,2026-06-01T00:16:39.107383+00:00
2,35-44,Humanistico,4,2026-06-01T00:10:00+00:00,2026-06-01T00:22:00+00:00,q01,A,2,7,2,0,25.303,2026-06-01T00:17:07.410327+00:00
2,35-44,Humanistico,4,2026-06-01T00:10:00+00:00,2026-06-01T00:22:00+00:00,q03,A,2,8,1,1,25.092,2026-06-01T00:17:35.502106+00:00
2,35-44,Humanistico,4,2026-06-01T00:10:00+00:00,2026-06-01T00:22:00+00:00,q08,A,2,9,3,1,23.995,2026-06-01T00:18:02.496812+00:00
3,35-44,Mixto,1,2026-06-01T00:15:00+00:00,2026-06-01T00:27:00+00:00,q07,A,1,0,3,1,23.363,2026-06-01T00:15:26.362799+00:00
3,35-44,Mixto,1,2026-06-01T00:15:00+00:00,2026-06-01T00:27:00+00:00,q03,A,1,1,0,1,27.668,2026-06-01T00:15:57.030433+00:00
3,35-44,Mixto,1,2026-06-01T00:15:00+00:00,2026-06-01T00:27:00+00:00,q08,A,1,2,3,0,20.735,2026-06-01T00:16:20.765001+00:00
3,35-44,Mixto,1,2026-06-01T00:15:00+00:00,2026-06-01T00:27:00+00:00,q06,A,1,3,2,1,28.52,2026-06-01T00:16:52.285133+00:00
3,35-44,Mixto,1,2026-06-01T00:15:00+00:00,2026-06-01T00:27:00+00:00,q04,A,1,4,1,1,26.741,2026-06-01T00:17:22.025653+00:00
3,35-44,Mixto,1,2026-06-01T00:15:00+00:00,2026-06-01T00:27:00+00:00,q05,A,1,5,3,1,16.045,2026-06-01T00:17:41.071059+00:00
3,35-44,Mixto,1,2026-06-01T00:15:00+00:00,2026-06-01T00:27:00+00:00,q02,A,1,6,1,1,23.255,2026-06-01T00:18:07.326559+00:00
3,35-44,Mixto,1,2026-06-01T00:15:00+00:00,2026-06-01T00:27:00+00:00,q10,A,1,7,0,0,24.409,2026-06-01T00:18:34.735237+00:00
3,35-44,Mixto,1,2026-06-01T00:15:00+00:00,2026-06-01T00:27:00+00:00,q09,A,1,8,3,1,24.334,2026-06-01T00:19:02.068971+00:00
3,35-44,Mixto,1,2026-06-01T00:15:00+00:00,2026-06-01T00:27:00+00:00,q01,A,1,9,0,0,17.966,2026-06-01T00:19:23.035303+00:00
3,35-44,Mixto,1,2026-06-01T00:15:00+00:00,2026-06-01T00:27:00+00:00,q04,B,2,0,2,0,28.94,2026-06-01T00:19:54.974876+00:00
3,35-44,Mixto,1,2026-06-01T00:15:00+00:00,2026-06-01T00:27:00+00:00,q08,B,2,1,0,1,23.522,2026-06-01T00:20:21.496531+00:00
3,35-44,Mixto,1,2026-06-01T00:15:00+00:00,2026-06-01T00:27:00+00:00,q06,B,2,2,3,1,21.617,2026-06-01T00:20:46.113325+00:00
3,35-44,Mixto,1,2026-06-01T00:15:00+00:00,2026-06-01T00:27:00+00:00,q10,B,2,3,0,0,19.829,2026-06-01T00:21:08.942122+00:00
3,35-44,Mixto,1,2026-06-01T00:15:00+00:00,2026-06-01T00:27:00+00:00,q02,B,2,4,0,1,18.089,2026-06-01T00:21:30.031191+00:00
3,35-44,Mixto,1,2026-06-01T00:15:00+00:00,2026-06-01T00:27:00+00:00,q05,B,2,5,0,0,14.633,2026-06-01T00:21:47.663853+00:00
3,35-44,Mixto,1,2026-06-01T00:15:00+00:00,2026-06-01T00:27:00+00:00,q09,B,2,6,2,0,20.672,2026-06-01T00:22:11.335818+00:00
3,35-44,Mixto,1,2026-06-01T00:15:00+00:00,2026-06-01T00:27:00+00:00,q03,B,2,7,0,1,21.2,2026-06-01T00:22:35.536288+00:00
3,35-44,Mixto,1,2026-06-01T00:15:00+00:00,2026-06-01T00:27:00+00:00,q07,B,2,8,3,1,18.274,2026-06-01T00:22:56.810394+00:00
3,35-44,Mixto,1,2026-06-01T00:15:00+00:00,2026-06-01T00:27:00+00:00,q01,B,2,9,1,1,21.801,2026-06-01T00:23:21.611171+00:00
4,25-34,Humanistico,5,2026-06-01T00:20:00+00:00,2026-06-01T00:32:00+00:00,q05,B,1,0,3,1,25.903,2026-06-01T00:20:28.902604+00:00
4,25-34,Humanistico,5,2026-06-01T00:20:00+00:00,2026-06-01T00:32:00+00:00,q07,B,1,1,3,1,18.343,2026-06-01T00:20:50.245262+00:00
4,25-34,Humanistico,5,2026-06-01T00:20:00+00:00,2026-06-01T00:32:00+00:00,q04,B,1,2,0,1,19.314,2026-06-01T00:21:12.558802+00:00
4,25-34,Humanistico,5,2026-06-01T00:20:00+00:00,2026-06-01T00:32:00+00:00,q10,B,1,3,0,1,20.38,2026-06-01T00:21:35.939259+00:00
4,25-34,Humanistico,5,2026-06-01T00:20:00+00:00,2026-06-01T00:32:00+00:00,q01,B,1,4,3,1,11.389,2026-06-01T00:21:50.328536+00:00
4,25-34,Humanistico,5,2026-06-01T00:20:00+00:00,2026-06-01T00:32:00+00:00,q09,B,1,5,2,1,14.881,2026-06-01T00:22:08.209521+00:00
4,25-34,Humanistico,5,2026-06-01T00:20:00+00:00,2026-06-01T00:32:00+00:00,q02,B,1,6,0,1,18.597,2026-06-01T00:22:29.806203+00:00
4,25-34,Humanistico,5,2026-06-01T00:20:00+00:00,2026-06-01T00:32:00+00:00,q06,B,1,7,2,1,20.129,2026-06-01T00:22:52.934855+00:00
4,25-34,Humanistico,5,2026-06-01T00:20:00+00:00,2026-06-01T00:32:00+00:00,q03,B,1,8,3,1,22.052,2026-06-01T00:23:17.986615+00:00
4,25-34,Humanistico,5,2026-06-01T00:20:00+00:00,2026-06-01T00:32:00+00:00,q08,B,1,9,1,1,24.212,2026-06-01T00:23:45.198198+00:00
4,25-34,Humanistico,5,2026-06-01T00:20:00+00:00,2026-06-01T00:32:00+00:00,q10,A,2,0,2,1,20.446,2026-06-01T00:24:08.643768+00:00
4,25-34,Humanistico,5,2026-06-01T00:20:00+00:00,2026-06-01T00:32:00+00:00,q02,A,2,1,1,1,35.573,2026-06-01T00:24:47.217159+00:00
4,25-34,Humanistico,5,2026-06-01T00:20:00+00:00,2026-06-01T00:32:00+00:00,q01,A,2,2,1,0,21.416,2026-06-01T00:25:11.633537+00:00
4,25-34,Humanistico,5,2026-06-01T00:20:00+00:00,2026-06-01T00:32:00+00:00,q03,A,2,3,1,1,22.519,2026-06-01T00:25:37.152568+00:00
4,25-34,Humanistico,5,2026-06-01T00:20:00+00:00,2026-06-01T00:32:00+00:00,q04,A,2,4,1,0,30.065,2026-06-01T00:26:10.217153+00:00
4,25-34,Humanistico,5,2026-06-01T00:20:00+00:00,2026-06-01T00:32:00+00:00,q05,A,2,5,3,1,15.981,2026-06-01T00:26:29.198539+00:00
4,25-34,Humanistico,5,2026-06-01T00:20:00+00:00,2026-06-01T00:32:00+00:00,q08,A,2,6,3,0,20.538,2026-06-01T00:26:52.736398+00:00
4,25-34,Humanistico,5,2026-06-01T00:20:00+00:00,2026-06-01T00:32:00+00:00,q07,A,2,7,2,1,22.776,2026-06-01T00:27:18.512752+00:00
4,25-34,Humanistico,5,2026-06-01T00:20:00+00:00,2026-06-01T00:32:00+00:00,q09,A,2,8,3,0,29.72,2026-06-01T00:27:51.232967+00:00
4,25-34,Humanistico,5,2026-06-01T00:20:00+00:00,2026-06-01T00:32:00+00:00,q06,A,2,9,3,1,18.838,2026-06-01T00:28:13.071377+00:00
5,25-34,Humanistico,5,2026-06-01T00:25:00+00:00,2026-06-01T00:37:00+00:00,q04,A,1,0,0,1,32.261,2026-06-01T00:25:35.260530+00:00
5,25-34,Humanistico,5,2026-06-01T00:25:00+00:00,2026-06-01T00:37:00+00:00,q03,A,1,1,2,0,23.97,2026-06-01T00:26:02.230363+00:00
5,25-34,Humanistico,5,2026-06-01T00:25:00+00:00,2026-06-01T00:37:00+00:00,q05,A,1,2,0,1,23.42,2026-06-01T00:26:28.650508+00:00
5,25-34,Humanistico,5,2026-06-01T00:25:00+00:00,2026-06-01T00:37:00+00:00,q01,A,1,3,2,1,19.225,2026-06-01T00:26:50.875946+00:00
5,25-34,Humanistico,5,2026-06-01T00:25:00+00:00,2026-06-01T00:37:00+00:00,q10,A,1,4,0,1,25.975,2026-06-01T00:27:19.851060+00:00
5,25-34,Humanistico,5,2026-06-01T00:25:00+00:00,2026-06-01T00:37:00+00:00,q02,A,1,5,3,0,26.98,2026-06-01T00:27:49.831522+00:00
5,25-34,Humanistico,5,2026-06-01T00:25:00+00:00,2026-06-01T00:37:00+00:00,q09,A,1,6,1,1,26.477,2026-06-01T00:28:19.308899+00:00
5,25-34,Humanistico,5,2026-06-01T00:25:00+00:00,2026-06-01T00:37:00+00:00,q07,A,1,7,2,0,25.0,2026-06-01T00:28:47.309253+00:00
5,25-34,Humanistico,5,2026-06-01T00:25:00+00:00,2026-06-01T00:37:00+00:00,q06,A,1,8,0,1,24.591,2026-06-01T00:29:14.900649+00:00
5,25-34,Humanistico,5,2026-06-01T00:25:00+00:00,2026-06-01T00:37:00+00:00,q08,A,1,9,1,1,31.608,2026-06-01T00:29:49.508740+00:00
5,25-34,Humanistico,5,2026-06-01T00:25:00+00:00,2026-06-01T00:37:00+00:00,q05,B,2,0,0,0,23.895,2026-06-01T00:30:16.403982+00:00
5,25-34,Humanistico,5,2026-06-01T00:25:00+00:00,2026-06-01T00:37:00+00:00,q10,B,2,1,2,0,15.336,2026-06-01T00:30:34.740173+00:00
5,25-34,Humanistico,5,2026-06-01T00:25:00+00:00,2026-06-01T00:37:00+00:00,q06,B,2,2,3,0,20.22,2026-06-01T00:30:57.960534+00:00
5,25-34,Humanistico,5,2026-06-01T00:25:00+00:00,2026-06-01T00:37:00+00:00,q07,B,2,3,1,1,19.565,2026-06-01T00:31:20.525883+00:00
5,25-34,Humanistico,5,2026-06-01T00:25:00+00:00,2026-06-01T00:37:00+00:00,q01,B,2,4,2,1,26.18,2026-06-01T00:31:49.706149+00:00
5,25-34,Humanistico,5,2026-06-01T00:25:00+00:00,2026-06-01T00:37:00+00:00,q04,B,2,5,0,1,19.005,2026-06-01T00:32:11.711378+00:00
5,25-34,Humanistico,5,2026-06-01T00:25:00+00:00,2026-06-01T00:37:00+00:00,q08,B,2,6,1,1,18.438,2026-06-01T00:32:33.149337+00:00
5,25-34,Humanistico,5,2026-06-01T00:25:00+00:00,2026-06-01T00:37:00+00:00,q02,B,2,7,1,1,21.378,2026-06-01T00:32:57.526918+00:00
5,25-34,Humanistico,5,2026-06-01T00:25:00+00:00,2026-06-01T00:37:00+00:00,q09,B,2,8,1,1,23.628,2026-06-01T00:33:24.154996+00:00
5,25-34,Humanistico,5,2026-06-01T00:25:00+00:00,2026-06-01T00:37:00+00:00,q03,B,2,9,0,1,19.742,2026-06-01T00:33:46.897434+00:00
6,25-34,Mixto,5,2026-06-01T00:30:00+00:00,2026-06-01T00:42:00+00:00,q10,B,1,0,2,0,21.844,2026-06-01T00:30:24.843771+00:00
6,25-34,Mixto,5,2026-06-01T00:30:00+00:00,2026-06-01T00:42:00+00:00,q07,B,1,1,2,1,20.279,2026-06-01T00:30:48.123263+00:00
6,25-34,Mixto,5,2026-06-01T00:30:00+00:00,2026-06-01T00:42:00+00:00,q06,B,1,2,2,1,24.156,2026-06-01T00:31:15.279516+00:00
6,25-34,Mixto,5,2026-06-01T00:30:00+00:00,2026-06-01T00:42:00+00:00,q04,B,1,3,2,1,19.199,2026-06-01T00:31:37.478782+00:00
6,25-34,Mixto,5,2026-06-01T00:30:00+00:00,2026-06-01T00:42:00+00:00,q09,B,1,4,2,1,23.154,2026-06-01T00:32:03.632432+00:00
6,25-34,Mixto,5,2026-06-01T00:30:00+00:00,2026-06-01T00:42:00+00:00,q05,B,1,5,0,1,13.397,2026-06-01T00:32:20.029863+00:00
6,25-34,Mixto,5,2026-06-01T00:30:00+00:00,2026-06-01T00:42:00+00:00,q02,B,1,6,1,0,15.078,2026-06-01T00:32:38.107433+00:00
6,25-34,Mixto,5,2026-06-01T00:30:00+00:00,2026-06-01T00:42:00+00:00,q03,B,1,7,2,0,22.678,2026-06-01T00:33:03.785075+00:00
6,25-34,Mixto,5,2026-06-01T00:30:00+00:00,2026-06-01T00:42:00+00:00,q08,B,1,8,2,1,15.742,2026-06-01T00:33:22.527462+00:00
6,25-34,Mixto,5,2026-06-01T00:30:00+00:00,2026-06-01T00:42:00+00:00,q01,B,1,9,2,1,17.181,2026-06-01T00:33:42.708673+00:00
6,25-34,Mixto,5,2026-06-01T00:30:00+00:00,2026-06-01T00:42:00+00:00,q09,A,2,0,2,0,25.303,2026-06-01T00:34:11.011214+00:00
6,25-34,Mixto,5,2026-06-01T00:30:00+00:00,2026-06-01T00:42:00+00:00,q05,A,2,1,0,1,31.788,2026-06-01T00:34:45.799295+00:00
6,25-34,Mixto,5,2026-06-01T00:30:00+00:00,2026-06-01T00:42:00+00:00,q07,A,2,2,3,1,27.482,2026-06-01T00:35:16.281102+00:00
6,25-34,Mixto,5,2026-06-01T00:30:00+00:00,2026-06-01T00:42:00+00:00,q08,A,2,3,2,0,31.199,2026-06-01T00:35:50.480088+00:00
6,25-34,Mixto,5,2026-06-01T00:30:00+00:00,2026-06-01T00:42:00+00:00,q02,A,2,4,1,0,22.602,2026-06-01T00:36:16.082125+00:00
6,25-34,Mixto,5,2026-06-01T00:30:00+00:00,2026-06-01T00:42:00+00:00,q03,A,2,5,3,0,29.488,2026-06-01T00:36:48.569706+00:00
6,25-34,Mixto,5,2026-06-01T00:30:00+00:00,2026-06-01T00:42:00+00:00,q10,A,2,6,3,1,26.135,2026-06-01T00:37:17.705148+00:00
6,25-34,Mixto,5,2026-06-01T00:30:00+00:00,2026-06-01T00:42:00+00:00,q04,A,2,7,3,1,24.38,2026-06-01T00:37:45.085528+00:00
6,25-34,Mixto,5,2026-06-01T00:30:00+00:00,2026-06-01T00:42:00+00:00,q06,A,2,8,0,1,29.199,2026-06-01T00:38:17.284790+00:00
6,25-34,Mixto,5,2026-06-01T00:30:00+00:00,2026-06-01T00:42:00+00:00,q01,A,2,9,0,0,24.475,2026-06-01T00:38:44.759752+00:00
7,35-44,Mixto,5,2026-06-01T00:35:00+00:00,2026-06-01T00:47:00+00:00,q05,A,1,0,1,1,28.536,2026-06-01T00:35:31.535644+00:00
7,35-44,Mixto,5,2026-06-01T00:35:00+00:00,2026-06-01T00:47:00+00:00,q04,A,1,1,3,1,24.138,2026-06-01T00:35:58.673965+00:00
7,35-44,Mixto,5,2026-06-01T00:35:00+00:00,2026-06-01T00:47:00+00:00,q07,A,1,2,2,0,31.738,2026-06-01T00:36:33.411833+00:00
7,35-44,Mixto,5,2026-06-01T00:35:00+00:00,2026-06-01T00:47:00+00:00,q08,A,1,3,0,0,30.5,2026-06-01T00:37:06.911946+00:00
7,35-44,Mixto,5,2026-06-01T00:35:00+00:00,2026-06-01T00:47:00+00:00,q10,A,1,4,1,1,19.743,2026-06-01T00:37:29.655028+00:00
7,35-44,Mixto,5,2026-06-01T00:35:00+00:00,2026-06-01T00:47:00+00:00,q03,A,1,5,1,0,26.846,2026-06-01T00:37:59.501502+00:00
7,35-44,Mixto,5,2026-06-01T00:35:00+00:00,2026-06-01T00:47:00+00:00,q01,A,1,6,1,1,26.16,2026-06-01T00:38:28.661854+00:00
7,35-44,Mixto,5,2026-06-01T00:35:00+00:00,2026-06-01T00:47:00+00:00,q09,A,1,7,3,1,25.228,2026-06-01T00:38:56.890139+00:00
7,35-44,Mixto,5,2026-06-01T00:35:00+00:00,2026-06-01T00:47:00+00:00,q06,A,1,8,2,1,26.929,2026-06-01T00:39:26.819559+00:00
7,35-44,Mixto,5,2026-06-01T00:35:00+00:00,2026-06-01T00:47:00+00:00,q02,A,1,9,3,0,22.218,2026-06-01T00:39:52.037584+00:00
7,35-44,Mixto,5,2026-06-01T00:35:00+00:00,2026-06-01T00:47:00+00:00,q04,B,2,0,0,1,18.346,2026-06-01T00:40:13.383871+00:00
7,35-44,Mixto,5,2026-06-01T00:35:00+00:00,2026-06-01T00:47:00+00:00,q01,B,2,1,0,1,18.883,2026-06-01T00:40:35.267348+00:00
7,35-44,Mixto,5,2026-06-01T00:35:00+00:00,2026-06-01T00:47:00+00:00,q10,B,2,2,0,0,11.629,2026-06-01T00:40:49.896494+00:00
7,35-44,Mixto,5,2026-06-01T00:35:00+00:00,2026-06-01T00:47:00+00:00,q07,B,2,3,0,0,13.775,2026-06-01T00:41:06.671315+00:00
7,35-44,Mixto,5,2026-06-01T00:35:00+00:00,2026-06-01T00:47:00+00:00,q05,B,2,4,0,0,23.148,2026-06-01T00:41:32.818937+00:00
7,35-44,Mixto,5,2026-06-01T00:35:00+00:00,2026-06-01T00:47:00+00:00,q02,B,2,5,3,1,20.831,2026-06-01T00:41:56.649655+00:00
7,35-44,Mixto,5,2026-06-01T00:35:00+00:00,2026-06-01T00:47:00+00:00,q03,B,2,6,3,1,19.71,2026-06-01T00:42:19.359276+00:00
7,35-44,Mixto,5,2026-06-01T00:35:00+00:00,2026-06-01T00:47:00+00:00,q06,B,2,7,2,1,19.588,2026-06-01T00:42:41.947321+00:00
7,35-44,Mixto,5,2026-06-01T00:35:00+00:00,2026-06-01T00:47:00+00:00,q09,B,2,8,2,1,16.483,2026-06-01T00:43:01.430248+00:00
7,35-44,Mixto,5,2026-06-01T00:35:00+00:00,2026-06-01T00:47:00+00:00,q08,B,2,9,0,1,13.782,2026-06-01T00:43:18.211995+00:00
8,25-34,Humanistico,4,2026-06-01T00:40:00+00:00,2026-06-01T00:52:00+00:00,q02,B,1,0,1,1,19.449,2026-06-01T00:40:22.449436+00:00
8,25-34,Humanistico,4,2026-06-01T00:40:00+00:00,2026-06-01T00:52:00+00:00,q05,B,1,1,0,1,17.459,2026-06-01T00:40:42.908433+00:00
8,25-34,Humanistico,4,2026-06-01T00:40:00+00:00,2026-06-01T00:52:00+00:00,q06,B,1,2,2,1,15.507,2026-06-01T00:41:01.415473+00:00
8,25-34,Humanistico,4,2026-06-01T00:40:00+00:00,2026-06-01T00:52:00+00:00,q08,B,1,3,3,1,19.205,2026-06-01T00:41:23.620647+00:00
8,25-34,Humanistico,4,2026-06-01T00:40:00+00:00,2026-06-01T00:52:00+00:00,q09,B,1,4,2,0,21.52,2026-06-01T00:41:48.140719+00:00
8,25-34,Humanistico,4,2026-06-01T00:40:00+00:00,2026-06-01T00:52:00+00:00,q01,B,1,5,1,1,13.797,2026-06-01T00:42:04.937916+00:00
8,25-34,Humanistico,4,2026-06-01T00:40:00+00:00,2026-06-01T00:52:00+00:00,q04,B,1,6,0,0,18.608,2026-06-01T00:42:26.545666+00:00
8,25-34,Humanistico,4,2026-06-01T00:40:00+00:00,2026-06-01T00:52:00+00:00,q10,B,1,7,0,1,19.449,2026-06-01T00:42:48.994888+00:00
8,25-34,Humanistico,4,2026-06-01T00:40:00+00:00,2026-06-01T00:52:00+00:00,q07,B,1,8,3,1,28.194,2026-06-01T00:43:20.189141+00:00
8,25-34,Humanistico,4,2026-06-01T00:40:00+00:00,2026-06-01T00:52:00+00:00,q03,B,1,9,0,1,20.673,2026-06-01T00:43:43.861941+00:00
8,25-34,Humanistico,4,2026-06-01T00:40:00+00:00,2026-06-01T00:52:00+00:00,q02,A,2,0,2,1,18.324,2026-06-01T00:44:05.185758+00:00
8,25-34,Humanistico,4,2026-06-01T00:40:00+00:00,2026-06-01T00:52:00+00:00,q07,A,2,1,1,1,23.074,2026-06-01T00:44:31.259322+00:00
8,25-34,Humanistico,4,2026-06-01T00:40:00+00:00,2026-06-01T00:52:00+00:00,q03,A,2,2,0,1,33.136,2026-06-01T00:45:07.395693+00:00
8,25-34,Humanistico,4,2026-06-01T00:40:00+00:00,2026-06-01T00:52:00+00:00,q06,A,2,3,2,0,26.46,2026-06-01T00:45:36.856069+00:00
8,25-34,Humanistico,4,2026-06-01T00:40:00+00:00,2026-06-01T00:52:00+00:00,q08,A,2,4,2,0,23.806,2026-06-01T00:46:03.661741+00:00
8,25-34,Humanistico,4,2026-06-01T00:40:00+00:00,2026-06-01T00:52:00+00:00,q01,A,2,5,1,1,23.575,2026-06-01T00:46:30.236855+00:00
8,25-34,Humanistico,4,2026-06-01T00:40:00+00:00,2026-06-01T00:52:00+00:00,q04,A,2,6,2,0,20.204,2026-06-01T00:46:53.440714+00:00
8,25-34,Humanistico,4,2026-06-01T00:40:00+00:00,2026-06-01T00:52:00+00:00,q09,A,2,7,1,0,25.937,2026-06-01T00:47:22.377649+00:00
8,25-34,Humanistico,4,2026-06-01T00:40:00+00:00,2026-06-01T00:52:00+00:00,q10,A,2,8,3,0,25.384,2026-06-01T00:47:50.762034+00:00
8,25-34,Humanistico,4,2026-06-01T00:40:00+00:00,2026-06-01T00:52:00+00:00,q05,A,2,9,2,0,24.284,2026-06-01T00:48:18.046322+00:00
9,25-34,Humanistico,3,2026-06-01T00:45:00+00:00,2026-06-01T00:57:00+00:00,q09,A,1,0,0,1,23.798,2026-06-01T00:45:26.797755+00:00
9,25-34,Humanistico,3,2026-06-01T00:45:00+00:00,2026-06-01T00:57:00+00:00,q06,A,1,1,0,1,23.704,2026-06-01T00:45:53.501328+00:00
9,25-34,Humanistico,3,2026-06-01T00:45:00+00:00,2026-06-01T00:57:00+00:00,q08,A,1,2,2,0,23.59,2026-06-01T00:46:20.091777+00:00
9,25-34,Humanistico,3,2026-06-01T00:45:00+00:00,2026-06-01T00:57:00+00:00,q10,A,1,3,2,1,18.721,2026-06-01T00:46:41.812522+00:00
9,25-34,Humanistico,3,2026-06-01T00:45:00+00:00,2026-06-01T00:57:00+00:00,q01,A,1,4,0,1,21.978,2026-06-01T00:47:06.790705+00:00
9,25-34,Humanistico,3,2026-06-01T00:45:00+00:00,2026-06-01T00:57:00+00:00,q07,A,1,5,0,0,12.549,2026-06-01T00:47:22.339684+00:00
9,25-34,Humanistico,3,2026-06-01T00:45:00+00:00,2026-06-01T00:57:00+00:00,q03,A,1,6,3,1,26.827,2026-06-01T00:47:52.166198+00:00
9,25-34,Humanistico,3,2026-06-01T00:45:00+00:00,2026-06-01T00:57:00+00:00,q04,A,1,7,3,0,26.953,2026-06-01T00:48:22.119535+00:00
9,25-34,Humanistico,3,2026-06-01T00:45:00+00:00,2026-06-01T00:57:00+00:00,q02,A,1,8,1,1,25.418,2026-06-01T00:48:50.537340+00:00
9,25-34,Humanistico,3,2026-06-01T00:45:00+00:00,2026-06-01T00:57:00+00:00,q05,A,1,9,1,1,28.321,2026-06-01T00:49:21.858726+00:00
9,25-34,Humanistico,3,2026-06-01T00:45:00+00:00,2026-06-01T00:57:00+00:00,q05,B,2,0,2,0,16.272,2026-06-01T00:49:41.130404+00:00
9,25-34,Humanistico,3,2026-06-01T00:45:00+00:00,2026-06-01T00:57:00+00:00,q10,B,2,1,0,1,25.896,2026-06-01T00:50:10.026454+00:00
9,25-34,Humanistico,3,2026-06-01T00:45:00+00:00,2026-06-01T00:57:00+00:00,q03,B,2,2,0,0,26.111,2026-06-01T00:50:39.137645+00:00
9,25-34,Humanistico,3,2026-06-01T00:45:00+00:00,2026-06-01T00:57:00+00:00,q07,B,2,3,1,1,26.572,2026-06-01T00:51:08.709461+00:00
9,25-34,Humanistico,3,2026-06-01T00:45:00+00:00,2026-06-01T00:57:00+00:00,q08,B,2,4,3,0,16.047,2026-06-01T00:51:27.756748+00:00
9,25-34,Humanistico,3,2026-06-01T00:45:00+00:00,2026-06-01T00:57:00+00:00,q02,B,2,5,0,1,13.424,2026-06-01T00:51:44.180560+00:00
9,25-34,Humanistico,3,2026-06-01T00:45:00+00:00,2026-06-01T00:57:00+00:00,q06,B,2,6,2,1,17.737,2026-06-01T00:52:04.917720+00:00
9,25-34,Humanistico,3,2026-06-01T00:45:00+00:00,2026-06-01T00:57:00+00:00,q04,B,2,7,1,1,16.696,2026-06-01T00:52:24.614144+00:00
9,25-34,Humanistico,3,2026-06-01T00:45:00+00:00,2026-06-01T00:57:00+00:00,q09,B,2,8,2,1,16.53,2026-06-01T00:52:44.143980+00:00
9,25-34,Humanistico,3,2026-06-01T00:45:00+00:00,2026-06-01T00:57:00+00:00,q01,B,2,9,2,0,18.936,2026-06-01T00:53:06.079794+00:00
10,45-54,Humanistico,4,2026-06-01T00:50:00+00:00,2026-06-01T01:02:00+00:00,q04,B,1,0,1,1,28.547,2026-06-01T00:50:31.547308+00:00
10,45-54,Humanistico,4,2026-06-01T00:50:00+00:00,2026-06-01T01:02:00+00:00,q08,B,1,1,3,0,16.835,2026-06-01T00:50:51.382492+00:00
10,45-54,Humanistico,4,2026-06-01T00:50:00+00:00,2026-06-01T01:02:00+00:00,q01,B,1,2,3,1,14.773,2026-06-01T00:51:09.155710+00:00
10,45-54,Humanistico,4,2026-06-01T00:50:00+00:00,2026-06-01T01:02:00+00:00,q03,B,1,3,2,1,16.267,2026-06-01T00:51:28.422761+00:00
10,45-54,Humanistico,4,2026-06-01T00:50:00+00:00,2026-06-01T01:02:00+00:00,q06,B,1,4,1,1,21.404,2026-06-01T00:51:52.826801+00:00
10,45-54,Humanistico,4,2026-06-01T00:50:00+00:00,2026-06-01T01:02:00+00:00,q09,B,1,5,0,1,23.781,2026-06-01T00:52:19.607576+00:00
10,45-54,Humanistico,4,2026-06-01T00:50:00+00:00,2026-06-01T01:02:00+00:00,q07,B,1,6,2,0,19.329,2026-06-01T00:52:41.937053+00:00
10,45-54,Humanistico,4,2026-06-01T00:50:00+00:00,2026-06-01T01:02:00+00:00,q10,B,1,7,1,1,20.789,2026-06-01T00:53:05.726542+00:00
10,45-54,Humanistico,4,2026-06-01T00:50:00+00:00,2026-06-01T01:02:00+00:00,q02,B,1,8,0,1,19.714,2026-06-01T00:53:28.441025+00:00
10,45-54,Humanistico,4,2026-06-01T00:50:00+00:00,2026-06-01T01:02:00+00:00,q05,B,1,9,2,0,20.797,2026-06-01T00:53:52.238367+00:00
10,45-54,Humanistico,4,2026-06-01T00:50:00+00:00,2026-06-01T01:02:00+00:00,q08,A,2,0,3,1,20.497,2026-06-01T00:54:15.735408+00:00
10,45-54,Humanistico,4,2026-06-01T00:50:00+00:00,2026-06-01T01:02:00+00:00,q09,A,2,1,2,1,33.389,2026-06-01T00:54:52.124053+00:00
10,45-54,Humanistico,4,2026-06-01T00:50:00+00:00,2026-06-01T01:02:00+00:00,q01,A,2,2,2,0,25.989,2026-06-01T00:55:21.112936+00:00
10,45-54,Humanistico,4,2026-06-01T00:50:00+00:00,2026-06-01T01:02:00+00:00,q06,A,2,3,3,1,19.866,2026-06-01T00:55:43.978964+00:00
10,45-54,Humanistico,4,2026-06-01T00:50:00+00:00,2026-06-01T01:02:00+00:00,q02,A,2,4,2,1,18.063,2026-06-01T00:56:05.041576+00:00
10,45-54,Humanistico,4,2026-06-01T00:50:00+00:00,2026-06-01T01:02:00+00:00,q07,A,2,5,3,1,23.221,2026-06-01T00:56:31.262428+00:00
10,45-54,Humanistico,4,2026-06-01T00:50:00+00:00,2026-06-01T01:02:00+00:00,q04,A,2,6,3,0,26.015,2026-06-01T00:57:00.277399+00:00
10,45-54,Humanistico,4,2026-06-01T00:50:00+00:00,2026-06-01T01:02:00+00:00,q10,A,2,7,2,0,27.165,2026-06-01T00:57:30.442123+00:00
10,45-54,Humanistico,4,2026-06-01T00:50:00+00:00,2026-06-01T01:02:00+00:00,q05,A,2,8,0,0,22.364,2026-06-01T00:57:55.806255+00:00
10,45-54,Humanistico,4,2026-06-01T00:50:00+00:00,2026-06-01T01:02:00+00:00,q03,A,2,9,0,0,27.273,2026-06-01T00:58:26.079008+00:00
11,18-24,Humanistico,2,2026-06-01T00:55:00+00:00,2026-06-01T01:07:00+00:00,q04,A,1,0,2,1,27.998,2026-06-01T00:55:30.998045+00:00
11,18-24,Humanistico,2,2026-06-01T00:55:00+00:00,2026-06-01T01:07:00+00:00,q01,A,1,1,0,0,22.421,2026-06-01T00:55:56.419342+00:00
11,18-24,Humanistico,2,2026-06-01T00:55:00+00:00,2026-06-01T01:07:00+00:00,q07,A,1,2,3,1,25.135,2026-06-01T00:56:24.554194+00:00
11,18-24,Humanistico,2,2026-06-01T00:55:00+00:00,2026-06-01T01:07:00+00:00,q02,A,1,3,3,1,22.397,2026-06-01T00:56:49.951597+00:00
11,18-24,Humanistico,2,2026-06-01T00:55:00+00:00,2026-06-01T01:07:00+00:00,q05,A,1,4,1,0,23.271,2026-06-01T00:57:16.222716+00:00
11,18-24,Humanistico,2,2026-06-01T00:55:00+00:00,2026-06-01T01:07:00+00:00,q09,A,1,5,2,0,20.63,2026-06-01T00:57:39.852255+00:00
11,18-24,Humanistico,2,2026-06-01T00:55:00+00:00,2026-06-01T01:07:00+00:00,q03,A,1,6,1,1,35.707,2026-06-01T00:58:18.559432+00:00
11,18-24,Humanistico,2,2026-06-01T00:55:00+00:00,2026-06-01T01:07:00+00:00,q08,A,1,7,0,1,16.865,2026-06-01T00:58:38.424712+00:00
11,18-24,Humanistico,2,2026-06-01T00:55:00+00:00,2026-06-01T01:07:00+00:00,q06,A,1,8,1,1,24.202,2026-06-01T00:59:05.627032+00:00
11,18-24,Humanistico,2,2026-06-01T00:55:00+00:00,2026-06-01T01:07:00+00:00,q10,A,1,9,1,1,27.434,2026-06-01T00:59:36.061189+00:00
11,18-24,Humanistico,2,2026-06-01T00:55:00+00:00,2026-06-01T01:07:00+00:00,q01,B,2,0,2,1,12.731,2026-06-01T00:59:51.792368+00:00
11,18-24,Humanistico,2,2026-06-01T00:55:00+00:00,2026-06-01T01:07:00+00:00,q02,B,2,1,1,1,18.36,2026-06-01T01:00:13.152419+00:00
11,18-24,Humanistico,2,2026-06-01T00:55:00+00:00,2026-06-01T01:07:00+00:00,q05,B,2,2,0,1,27.005,2026-06-01T01:00:43.157547+00:00
11,18-24,Humanistico,2,2026-06-01T00:55:00+00:00,2026-06-01T01:07:00+00:00,q04,B,2,3,1,1,22.466,2026-06-01T01:01:08.624036+00:00
11,18-24,Humanistico,2,2026-06-01T00:55:00+00:00,2026-06-01T01:07:00+00:00,q09,B,2,4,1,1,20.745,2026-06-01T01:01:32.369100+00:00
11,18-24,Humanistico,2,2026-06-01T00:55:00+00:00,2026-06-01T01:07:00+00:00,q03,B,2,5,3,0,18.64,2026-06-01T01:01:54.009175+00:00
11,18-24,Humanistico,2,2026-06-01T00:55:00+00:00,2026-06-01T01:07:00+00:00,q07,B,2,6,3,1,16.21,2026-06-01T01:02:13.218998+00:00
11,18-24,Humanistico,2,2026-06-01T00:55:00+00:00,2026-06-01T01:07:00+00:00,q08,B,2,7,2,1,19.657,2026-06-01T01:02:35.876329+00:00
11,18-24,Humanistico,2,2026-06-01T00:55:00+00:00,2026-06-01T01:07:00+00:00,q10,B,2,8,1,1,22.025,2026-06-01T01:03:00.901010+00:00
11,18-24,Humanistico,2,2026-06-01T00:55:00+00:00,2026-06-01T01:07:00+00:00,q06,B,2,9,2,1,9.228,2026-06-01T01:03:13.129084+00:00
12,45-54,Humanistico,2,2026-06-01T01:00:00+00:00,2026-06-01T01:12:00+00:00,q04,B,1,0,3,1,19.299,2026-06-01T01:00:22.298903+00:00
12,45-54,Humanistico,2,2026-06-01T01:00:00+00:00,2026-06-01T01:12:00+00:00,q08,B,1,1,2,0,22.625,2026-06-01T01:00:47.924261+00:00
12,45-54,Humanistico,2,2026-06-01T01:00:00+00:00,2026-06-01T01:12:00+00:00,q06,B,1,2,2,1,18.171,2026-06-01T01:01:09.095550+00:00
12,45-54,Humanistico,2,2026-06-01T01:00:00+00:00,2026-06-01T01:12:00+00:00,q10,B,1,3,1,1,23.321,2026-06-01T01:01:35.416917+00:00
12,45-54,Humanistico,2,2026-06-01T01:00:00+00:00,2026-06-01T01:12:00+00:00,q01,B,1,4,2,1,18.216,2026-06-01T01:01:56.632867+00:00
12,45-54,Humanistico,2,2026-06-01T01:00:00+00:00,2026-06-01T01:12:00+00:00,q09,B,1,5,3,1,18.968,2026-06-01T01:02:18.600669+00:00
12,45-54,Humanistico,2,2026-06-01T01:00:00+00:00,2026-06-01T01:12:00+00:00,q02,B,1,6,3,1,16.528,2026-06-01T01:02:38.128508+00:00
12,45-54,Humanistico,2,2026-06-01T01:00:00+00:00,2026-06-01T01:12:00+00:00,q05,B,1,7,3,1,10.255,2026-06-01T01:02:51.383013+00:00
12,45-54,Humanistico,2,2026-06-01T01:00:00+00:00,2026-06-01T01:12:00+00:00,q03,B,1,8,1,1,19.155,2026-06-01T01:03:13.538373+00:00
12,45-54,Humanistico,2,2026-06-01T01:00:00+00:00,2026-06-01T01:12:00+00:00,q07,B,1,9,2,1,18.971,2026-06-01T01:03:35.509118+00:00
12,45-54,Humanistico,2,2026-06-01T01:00:00+00:00,2026-06-01T01:12:00+00:00,q09,A,2,0,0,0,27.947,2026-06-01T01:04:06.456105+00:00
12,45-54,Humanistico,2,2026-06-01T01:00:00+00:00,2026-06-01T01:12:00+00:00,q07,A,2,1,1,1,24.949,2026-06-01T01:04:34.405349+00:00
12,45-54,Humanistico,2,2026-06-01T01:00:00+00:00,2026-06-01T01:12:00+00:00,q02,A,2,2,1,1,18.433,2026-06-01T01:04:55.838742+00:00
12,45-54,Humanistico,2,2026-06-01T01:00:00+00:00,2026-06-01T01:12:00+00:00,q10,A,2,3,2,0,23.526,2026-06-01T01:05:22.364742+00:00
12,45-54,Humanistico,2,2026-06-01T01:00:00+00:00,2026-06-01T01:12:00+00:00,q08,A,2,4,1,1,29.738,2026-06-01T01:05:55.102421+00:00
12,45-54,Humanistico,2,2026-06-01T01:00:00+00:00,2026-06-01T01:12:00+00:00,q03,A,2,5,1,0,18.714,2026-06-01T01:06:16.816539+00:00
12,45-54,Humanistico,2,2026-06-01T01:00:00+00:00,2026-06-01T01:12:00+00:00,q06,A,2,6,0,0,26.187,2026-06-01T01:06:46.003404+00:00
12,45-54,Humanistico,2,2026-06-01T01:00:00+00:00,2026-06-01T01:12:00+00:00,q04,A,2,7,3,1,20.211,2026-06-01T01:07:09.214728+00:00
12,45-54,Humanistico,2,2026-06-01T01:00:00+00:00,2026-06-01T01:12:00+00:00,q05,A,2,8,2,1,25.245,2026-06-01T01:07:37.459480+00:00
12,45-54,Humanistico,2,2026-06-01T01:00:00+00:00,2026-06-01T01:12:00+00:00,q01,A,2,9,0,0,24.212,2026-06-01T01:08:04.671262+00:00
13,18-24,Mixto,1,2026-06-01T01:05:00+00:00,2026-06-01T01:17:00+00:00,q07,A,1,0,1,0,28.91,2026-06-01T01:05:31.909521+00:00
13,18-24,Mixto,1,2026-06-01T01:05:00+00:00,2026-06-01T01:17:00+00:00,q02,A,1,1,0,0,23.439,2026-06-01T01:05:58.348311+00:00
13,18-24,Mixto,1,2026-06-01T01:05:00+00:00,2026-06-01T01:17:00+00:00,q08,A,1,2,2,0,25.048,2026-06-01T01:06:26.396406+00:00
13,18-24,Mixto,1,2026-06-01T01:05:00+00:00,2026-06-01T01:17:00+00:00,q10,A,1,3,1,0,33.605,2026-06-01T01:07:03.001180+00:00
13,18-24,Mixto,1,2026-06-01T01:05:00+00:00,2026-06-01T01:17:00+00:00,q04,A,1,4,0,0,29.771,2026-06-01T01:07:35.772584+00:00
13,18-24,Mixto,1,2026-06-01T01:05:00+00:00,2026-06-01T01:17:00+00:00,q05,A,1,5,1,0,27.686,2026-06-01T01:08:06.459015+00:00
13,18-24,Mixto,1,2026-06-01T01:05:00+00:00,2026-06-01T01:17:00+00:00,q03,A,1,6,2,1,30.249,2026-06-01T01:08:39.707609+00:00
13,18-24,Mixto,1,2026-06-01T01:05:00+00:00,2026-06-01T01:17:00+00:00,q06,A,1,7,1,1,27.675,2026-06-01T01:09:10.382615+00:00
13,18-24,Mixto,1,2026-06-01T01:05:00+00:00,2026-06-01T01:17:00+00:00,q09,A,1,8,2,1,17.509,2026-06-01T01:09:30.891448+00:00
13,18-24,Mixto,1,2026-06-01T01:05:00+00:00,2026-06-01T01:17:00+00:00,q01,A,1,9,0,0,19.625,2026-06-01T01:09:53.516116+00:00
13,18-24,Mixto,1,2026-06-01T01:05:00+00:00,2026-06-01T01:17:00+00:00,q04,B,2,0,2,1,21.667,2026-06-01T01:10:18.183479+00:00
13,18-24,Mixto,1,2026-06-01T01:05:00+00:00,2026-06-01T01:17:00+00:00,q05,B,2,1,3,1,14.529,2026-06-01T01:10:35.712340+00:00
13,18-24,Mixto,1,2026-06-01T01:05:00+00:00,2026-06-01T01:17:00+00:00,q07,B,2,2,0,1,27.55,2026-06-01T01:11:06.262097+00:00
13,18-24,Mixto,1,2026-06-01T01:05:00+00:00,2026-06-01T01:17:00+00:00,q08,B,2,3,0,0,20.048,2026-06-01T01:11:29.310168+00:00
13,18-24,Mixto,1,2026-06-01T01:05:00+00:00,2026-06-01T01:17:00+00:00,q01,B,2,4,3,1,19.148,2026-06-01T01:11:51.457929+00:00
13,18-24,Mixto,1,2026-06-01T01:05:00+00:00,2026-06-01T01:17:00+00:00,q06,B,2,5,1,1,19.366,2026-06-01T01:12:13.823511+00:00
13,18-24,Mixto,1,2026-06-01T01:05:00+00:00,2026-06-01T01:17:00+00:00,q10,B,2,6,2,1,22.147,2026-06-01T01:12:38.970643+00:00
13,18-24,Mixto,1,2026-06-01T01:05:00+00:00,2026-06-01T01:17:00+00:00,q02,B,2,7,0,1,12.496,2026-06-01T01:12:54.466471+00:00
13,18-24,Mixto,1,2026-06-01T01:05:00+00:00,2026-06-01T01:17:00+00:00,q09,B,2,8,2,0,24.449,2026-06-01T01:13:21.915211+00:00
13,18-24,Mixto,1,2026-06-01T01:05:00+00:00,2026-06-01T01:17:00+00:00,q03,B,2,9,0,1,20.163,2026-06-01T01:13:45.078646+00:00
14,35-44,Tecnico,2,2026-06-01T01:10:00+00:00,2026-06-01T01:22:00+00:00,q05,B,1,0,0,1,20.912,2026-06-01T01:10:23.912371+00:00
14,35-44,Tecnico,2,2026-06-01T01:10:00+00:00,2026-06-01T01:22:00+00:00,q03,B,1,1,3,1,21.062,2026-06-01T01:10:47.974487+00:00
14,35-44,Tecnico,2,2026-06-01T01:10:00+00:00,2026-06-01T01:22:00+00:00,q01,B,1,2,2,0,17.362,2026-06-01T01:11:08.336609+00:00
14,35-44,Tecnico,2,2026-06-01T01:10:00+00:00,2026-06-01T01:22:00+00:00,q10,B,1,3,1,1,21.025,2026-06-01T01:11:32.361847+00:00
14,35-44,Tecnico,2,2026-06-01T01:10:00+00:00,2026-06-01T01:22:00+00:00,q06,B,1,4,2,1,15.214,2026-06-01T01:11:50.576245+00:00
14,35-44,Tecnico,2,2026-06-01T01:10:00+00:00,2026-06-01T01:22:00+00:00,q07,B,1,5,0,1,15.119,2026-06-01T01:12:08.695511+00:00
14,35-44,Tecnico,2,2026-06-01T01:10:00+00:00,2026-06-01T01:22:00+00:00,q08,B,1,6,2,0,12.18,2026-06-01T01:12:23.875761+00:00
14,35-44,Tecnico,2,2026-06-01T01:10:00+00:00,2026-06-01T01:22:00+00:00,q02,B,1,7,1,1,19.506,2026-06-01T01:12:46.381795+00:00
14,35-44,Tecnico,2,2026-06-01T01:10:00+00:00,2026-06-01T01:22:00+00:00,q04,B,1,8,3,0,8.774,2026-06-01T01:12:58.155890+00:00
14,35-44,Tecnico,2,2026-06-01T01:10:00+00:00,2026-06-01T01:22:00+00:00,q09,B,1,9,2,0,15.263,2026-06-01T01:13:16.419211+00:00
14,35-44,Tecnico,2,2026-06-01T01:10:00+00:00,2026-06-01T01:22:00+00:00,q03,A,2,0,3,0,25.149,2026-06-01T01:13:44.568632+00:00
14,35-44,Tecnico,2,2026-06-01T01:10:00+00:00,2026-06-01T01:22:00+00:00,q01,A,2,1,2,1,24.608,2026-06-01T01:14:12.176778+00:00
14,35-44,Tecnico,2,2026-06-01T01:10:00+00:00,2026-06-01T01:22:00+00:00,q10,A,2,2,1,1,38.351,2026-06-01T01:14:53.527963+00:00
14,35-44,Tecnico,2,2026-06-01T01:10:00+00:00,2026-06-01T01:22:00+00:00,q04,A,2,3,2,0,22.029,2026-06-01T01:15:18.557452+00:00
14,35-44,Tecnico,2,2026-06-01T01:10:00+00:00,2026-06-01T01:22:00+00:00,q07,A,2,4,3,1,22.943,2026-06-01T01:15:44.500501+00:00
14,35-44,Tecnico,2,2026-06-01T01:10:00+00:00,2026-06-01T01:22:00+00:00,q08,A,2,5,3,1,25.131,2026-06-01T01:16:12.631060+00:00
14,35-44,Tecnico,2,2026-06-01T01:10:00+00:00,2026-06-01T01:22:00+00:00,q09,A,2,6,0,0,26.414,2026-06-01T01:16:42.044709+00:00
14,35-44,Tecnico,2,2026-06-01T01:10:00+00:00,2026-06-01T01:22:00+00:00,q06,A,2,7,2,0,16.865,2026-06-01T01:17:01.909448+00:00
14,35-44,Tecnico,2,2026-06-01T01:10:00+00:00,2026-06-01T01:22:00+00:00,q02,A,2,8,0,0,18.942,2026-06-01T01:17:23.851792+00:00
14,35-44,Tecnico,2,2026-06-01T01:10:00+00:00,2026-06-01T01:22:00+00:00,q05,A,2,9,1,1,25.353,2026-06-01T01:17:52.204512+00:00
15,25-34,Mixto,1,2026-06-01T01:15:00+00:00,2026-06-01T01:27:00+00:00,q07,A,1,0,0,1,16.774,2026-06-01T01:15:19.773916+00:00
15,25-34,Mixto,1,2026-06-01T01:15:00+00:00,2026-06-01T01:27:00+00:00,q08,A,1,1,1,0,24.566,2026-06-01T01:15:47.339552+00:00
15,25-34,Mixto,1,2026-06-01T01:15:00+00:00,2026-06-01T01:27:00+00:00,q02,A,1,2,2,0,25.947,2026-06-01T01:16:16.286903+00:00
15,25-34,Mixto,1,2026-06-01T01:15:00+00:00,2026-06-01T01:27:00+00:00,q10,A,1,3,3,1,20.078,2026-06-01T01:16:39.364622+00:00
15,25-34,Mixto,1,2026-06-01T01:15:00+00:00,2026-06-01T01:27:00+00:00,q04,A,1,4,0,1,26.213,2026-06-01T01:17:08.578072+00:00
15,25-34,Mixto,1,2026-06-01T01:15:00+00:00,2026-06-01T01:27:00+00:00,q06,A,1,5,2,0,14.493,2026-06-01T01:17:26.070933+00:00
15,25-34,Mixto,1,2026-06-01T01:15:00+00:00,2026-06-01T01:27:00+00:00,q01,A,1,6,2,1,21.501,2026-06-01T01:17:50.572179+00:00
15,25-34,Mixto,1,2026-06-01T01:15:00+00:00,2026-06-01T01:27:00+00:00,q09,A,1,7,0,1,25.162,2026-06-01T01:18:18.734220+00:00
15,25-34,Mixto,1,2026-06-01T01:15:00+00:00,2026-06-01T01:27:00+00:00,q05,A,1,8,2,1,29.407,2026-06-01T01:18:51.141446+00:00
15,25-34,Mixto,1,2026-06-01T01:15:00+00:00,2026-06-01T01:27:00+00:00,q03,A,1,9,2,1,27.011,2026-06-01T01:19:21.152723+00:00
15,25-34,Mixto,1,2026-06-01T01:15:00+00:00,2026-06-01T01:27:00+00:00,q04,B,2,0,3,1,14.637,2026-06-01T01:19:38.789254+00:00
15,25-34,Mixto,1,2026-06-01T01:15:00+00:00,2026-06-01T01:27:00+00:00,q05,B,2,1,2,1,15.48,2026-06-01T01:19:57.269024+00:00
15,25-34,Mixto,1,2026-06-01T01:15:00+00:00,2026-06-01T01:27:00+00:00,q10,B,2,2,1,1,22.333,2026-06-01T01:20:22.602469+00:00
15,25-34,Mixto,1,2026-06-01T01:15:00+00:00,2026-06-01T01:27:00+00:00,q06,B,2,3,2,0,24.147,2026-06-01T01:20:49.749571+00:00
15,25-34,Mixto,1,2026-06-01T01:15:00+00:00,2026-06-01T01:27:00+00:00,q07,B,2,4,3,1,15.956,2026-06-01T01:21:08.705314+00:00
15,25-34,Mixto,1,2026-06-01T01:15:00+00:00,2026-06-01T01:27:00+00:00,q02,B,2,5,1,1,25.726,2026-06-01T01:21:37.431715+00:00
15,25-34,Mixto,1,2026-06-01T01:15:00+00:00,2026-06-01T01:27:00+00:00,q03,B,2,6,0,0,16.359,2026-06-01T01:21:56.790293+00:00
15,25-34,Mixto,1,2026-06-01T01:15:00+00:00,2026-06-01T01:27:00+00:00,q08,B,2,7,1,1,17.6,2026-06-01T01:22:17.390206+00:00
15,25-34,Mixto,1,2026-06-01T01:15:00+00:00,2026-06-01T01:27:00+00:00,q01,B,2,8,1,1,19.287,2026-06-01T01:22:39.677383+00:00
15,25-34,Mixto,1,2026-06-01T01:15:00+00:00,2026-06-01T01:27:00+00:00,q09,B,2,9,1,1,19.024,2026-06-01T01:23:01.701852+00:00
16,18-24,Humanistico,5,2026-06-01T01:20:00+00:00,2026-06-01T01:32:00+00:00,q08,B,1,0,0,0,23.637,2026-06-01T01:20:26.637068+00:00
16,18-24,Humanistico,5,2026-06-01T01:20:00+00:00,2026-06-01T01:32:00+00:00,q04,B,1,1,1,1,22.061,2026-06-01T01:20:51.698288+00:00
16,18-24,Humanistico,5,2026-06-01T01:20:00+00:00,2026-06-01T01:32:00+00:00,q01,B,1,2,2,1,21.215,2026-06-01T01:21:15.913596+00:00
16,18-24,Humanistico,5,2026-06-01T01:20:00+00:00,2026-06-01T01:32:00+00:00,q03,B,1,3,0,0,7.692,2026-06-01T01:21:26.605100+00:00
16,18-24,Humanistico,5,2026-06-01T01:20:00+00:00,2026-06-01T01:32:00+00:00,q02,B,1,4,3,1,4.677,2026-06-01T01:21:34.281766+00:00
16,18-24,Humanistico,5,2026-06-01T01:20:00+00:00,2026-06-01T01:32:00+00:00,q10,B,1,5,0,1,22.006,2026-06-01T01:21:59.287389+00:00
16,18-24,Humanistico,5,2026-06-01T01:20:00+00:00,2026-06-01T01:32:00+00:00,q06,B,1,6,0,1,17.009,2026-06-01T01:22:19.296560+00:00
16,18-24,Humanistico,5,2026-06-01T01:20:00+00:00,2026-06-01T01:32:00+00:00,q09,B,1,7,3,0,29.42,2026-06-01T01:22:51.716825+00:00
16,18-24,Humanistico,5,2026-06-01T01:20:00+00:00,2026-06-01T01:32:00+00:00,q05,B,1,8,0,1,21.714,2026-06-01T01:23:16.430577+00:00
16,18-24,Humanistico,5,2026-06-01T01:20:00+00:00,2026-06-01T01:32:00+00:00,q07,B,1,9,3,1,15.79,2026-06-01T01:23:35.220732+00:00
16,18-24,Humanistico,5,2026-06-01T01:20:00+00:00,2026-06-01T01:32:00+00:00,q04,A,2,0,3,1,25.145,2026-06-01T01:24:03.366102+00:00
16,18-24,Humanistico,5,2026-06-01T01:20:00+00:00,2026-06-01T01:32:00+00:00,q02,A,2,1,2,0,25.937,2026-06-01T01:24:32.303214+00:00
16,18-24,Humanistico,5,2026-06-01T01:20:00+00:00,2026-06-01T01:32:00+00:00,q05,A,2,2,2,0,20.801,2026-06-01T01:24:56.104423+00:00
16,18-24,Humanistico,5,2026-06-01T01:20:00+00:00,2026-06-01T01:32:00+00:00,q09,A,2,3,1,1,23.268,2026-06-01T01:25:22.372608+00:00
16,18-24,Humanistico,5,2026-06-01T01:20:00+00:00,2026-06-01T01:32:00+00:00,q08,A,2,4,2,0,26.864,2026-06-01T01:25:52.236621+00:00
16,18-24,Humanistico,5,2026-06-01T01:20:00+00:00,2026-06-01T01:32:00+00:00,q01,A,2,5,1,0,25.964,2026-06-01T01:26:21.200444+00:00
16,18-24,Humanistico,5,2026-06-01T01:20:00+00:00,2026-06-01T01:32:00+00:00,q10,A,2,6,3,1,26.572,2026-06-01T01:26:50.772867+00:00
16,18-24,Humanistico,5,2026-06-01T01:20:00+00:00,2026-06-01T01:32:00+00:00,q03,A,2,7,1,0,26.39,2026-06-01T01:27:20.163236+00:00
16,18-24,Humanistico,5,2026-06-01T01:20:00+00:00,2026-06-01T01:32:00+00:00,q07,A,2,8,3,1,27.538,2026-06-01T01:27:50.701348+00:00
16,18-24,Humanistico,5,2026-06-01T01:20:00+00:00,2026-06-01T01:32:00+00:00,q06,A,2,9,2,0,28.656,2026-06-01T01:28:22.357682+00:00
17,45-54,Tecnico,4,2026-06-01T01:25:00+00:00,2026-06-01T01:37:00+00:00,q05,A,1,0,3,0,28.46,2026-06-01T01:25:31.459763+00:00
17,45-54,Tecnico,4,2026-06-01T01:25:00+00:00,2026-06-01T01:37:00+00:00,q08,A,1,1,1,1,21.937,2026-06-01T01:25:56.396758+00:00
17,45-54,Tecnico,4,2026-06-01T01:25:00+00:00,2026-06-01T01:37:00+00:00,q02,A,1,2,1,1,25.013,2026-06-01T01:26:24.409330+00:00
17,45-54,Tecnico,4,2026-06-01T01:25:00+00:00,2026-06-01T01:37:00+00:00,q04,A,1,3,2,0,27.814,2026-06-01T01:26:55.223663+00:00
17,45-54,Tecnico,4,2026-06-01T01:25:00+00:00,2026-06-01T01:37:00+00:00,q01,A,1,4,2,1,26.591,2026-06-01T01:27:24.814802+00:00
17,45-54,Tecnico,4,2026-06-01T01:25:00+00:00,2026-06-01T01:37:00+00:00,q06,A,1,5,3,0,31.058,2026-06-01T01:27:58.872482+00:00
17,45-54,Tecnico,4,2026-06-01T01:25:00+00:00,2026-06-01T01:37:00+00:00,q03,A,1,6,3,0,20.611,2026-06-01T01:28:22.483298+00:00
17,45-54,Tecnico,4,2026-06-01T01:25:00+00:00,2026-06-01T01:37:00+00:00,q07,A,1,7,3,1,25.219,2026-06-01T01:28:50.702426+00:00
17,45-54,Tecnico,4,2026-06-01T01:25:00+00:00,2026-06-01T01:37:00+00:00,q10,A,1,8,0,0,27.603,2026-06-01T01:29:21.305174+00:00
17,45-54,Tecnico,4,2026-06-01T01:25:00+00:00,2026-06-01T01:37:00+00:00,q09,A,1,9,3,1,26.327,2026-06-01T01:29:50.632575+00:00
17,45-54,Tecnico,4,2026-06-01T01:25:00+00:00,2026-06-01T01:37:00+00:00,q10,B,2,0,1,1,24.988,2026-06-01T01:30:18.620639+00:00
17,45-54,Tecnico,4,2026-06-01T01:25:00+00:00,2026-06-01T01:37:00+00:00,q03,B,2,1,2,1,22.038,2026-06-01T01:30:43.658316+00:00
17,45-54,Tecnico,4,2026-06-01T01:25:00+00:00,2026-06-01T01:37:00+00:00,q04,B,2,2,1,1,19.994,2026-06-01T01:31:06.652467+00:00
17,45-54,Tecnico,4,2026-06-01T01:25:00+00:00,2026-06-01T01:37:00+00:00,q05,B,2,3,1,0,23.384,2026-06-01T01:31:33.036317+00:00
17,45-54,Tecnico,4,2026-06-01T01:25:00+00:00,2026-06-01T01:37:00+00:00,q01,B,2,4,2,1,15.99,2026-06-01T01:31:52.026191+00:00
17,45-54,Tecnico,4,2026-06-01T01:25:00+00:00,2026-06-01T01:37:00+00:00,q08,B,2,5,1,1,20.428,2026-06-01T01:32:15.454280+00:00
17,45-54,Tecnico,4,2026-06-01T01:25:00+00:00,2026-06-01T01:37:00+00:00,q07,B,2,6,3,0,16.391,2026-06-01T01:32:34.845615+00:00
17,45-54,Tecnico,4,2026-06-01T01:25:00+00:00,2026-06-01T01:37:00+00:00,q09,B,2,7,3,0,15.986,2026-06-01T01:32:53.831989+00:00
17,45-54,Tecnico,4,2026-06-01T01:25:00+00:00,2026-06-01T01:37:00+00:00,q06,B,2,8,0,0,14.785,2026-06-01T01:33:11.616616+00:00
17,45-54,Tecnico,4,2026-06-01T01:25:00+00:00,2026-06-01T01:37:00+00:00,q02,B,2,9,3,1,30.27,2026-06-01T01:33:44.886163+00:00
18,45-54,Humanistico,4,2026-06-01T01:30:00+00:00,2026-06-01T01:42:00+00:00,q10,B,1,0,2,0,18.083,2026-06-01T01:30:21.082821+00:00
18,45-54,Humanistico,4,2026-06-01T01:30:00+00:00,2026-06-01T01:42:00+00:00,q05,B,1,1,0,1,19.747,2026-06-01T01:30:43.829763+00:00
18,45-54,Humanistico,4,2026-06-01T01:30:00+00:00,2026-06-01T01:42:00+00:00,q06,B,1,2,0,0,21.911,2026-06-01T01:31:08.740863+00:00
18,45-54,Humanistico,4,2026-06-01T01:30:00+00:00,2026-06-01T01:42:00+00:00,q07,B,1,3,0,1,19.173,2026-06-01T01:31:30.913943+00:00
18,45-54,Humanistico,4,2026-06-01T01:30:00+00:00,2026-06-01T01:42:00+00:00,q04,B,1,4,1,0,19.037,2026-06-01T01:31:52.950914+00:00
18,45-54,Humanistico,4,2026-06-01T01:30:00+00:00,2026-06-01T01:42:00+00:00,q03,B,1,5,0,1,20.953,2026-06-01T01:32:16.903415+00:00
18,45-54,Humanistico,4,2026-06-01T01:30:00+00:00,2026-06-01T01:42:00+00:00,q09,B,1,6,1,0,31.799,2026-06-01T01:32:51.702101+00:00
18,45-54,Humanistico,4,2026-06-01T01:30:00+00:00,2026-06-01T01:42:00+00:00,q01,B,1,7,3,1,21.024,2026-06-01T01:33:15.725861+00:00
18,45-54,Humanistico,4,2026-06-01T01:30:00+00:00,2026-06-01T01:42:00+00:00,q02,B,1,8,1,1,21.817,2026-06-01T01:33:40.542758+00:00
18,45-54,Humanistico,4,2026-06-01T01:30:00+00:00,2026-06-01T01:42:00+00:00,q08,B,1,9,3,1,18.285,2026-06-01T01:34:01.827759+00:00
18,45-54,Humanistico,4,2026-06-01T01:30:00+00:00,2026-06-01T01:42:00+00:00,q06,A,2,0,2,0,25.758,2026-06-01T01:34:30.585288+00:00
18,45-54,Humanistico,4,2026-06-01T01:30:00+00:00,2026-06-01T01:42:00+00:00,q10,A,2,1,2,1,30.15,2026-06-01T01:35:03.735718+00:00
18,45-54,Humanistico,4,2026-06-01T01:30:00+00:00,2026-06-01T01:42:00+00:00,q08,A,2,2,2,1,29.089,2026-06-01T01:35:35.825105+00:00
18,45-54,Humanistico,4,2026-06-01T01:30:00+00:00,2026-06-01T01:42:00+00:00,q03,A,2,3,0,1,29.746,2026-06-01T01:36:08.571522+00:00
18,45-54,Humanistico,4,2026-06-01T01:30:00+00:00,2026-06-01T01:42:00+00:00,q02,A,2,4,0,1,27.183,2026-06-01T01:36:38.754096+00:00
18,45-54,Humanistico,4,2026-06-01T01:30:00+00:00,2026-06-01T01:42:00+00:00,q01,A,2,5,3,0,27.943,2026-06-01T01:37:09.697133+00:00
18,45-54,Humanistico,4,2026-06-01T01:30:00+00:00,2026-06-01T01:42:00+00:00,q07,A,2,6,3,1,30.475,2026-06-01T01:37:43.172106+00:00
18,45-54,Humanistico,4,2026-06-01T01:30:00+00:00,2026-06-01T01:42:00+00:00,q05,A,2,7,0,0,31.247,2026-06-01T01:38:17.419179+00:00
18,45-54,Humanistico,4,2026-06-01T01:30:00+00:00,2026-06-01T01:42:00+00:00,q09,A,2,8,1,1,23.99,2026-06-01T01:38:44.409343+00:00
18,45-54,Humanistico,4,2026-06-01T01:30:00+00:00,2026-06-01T01:42:00+00:00,q04,A,2,9,1,1,25.332,2026-06-01T01:39:12.741096+00:00
19,18-24,Humanistico,3,2026-06-01T01:35:00+00:00,2026-06-01T01:47:00+00:00,q07,A,1,0,0,0,23.865,2026-06-01T01:35:26.865348+00:00
19,18-24,Humanistico,3,2026-06-01T01:35:00+00:00,2026-06-01T01:47:00+00:00,q04,A,1,1,0,1,24.587,2026-06-01T01:35:54.451875+00:00
19,18-24,Humanistico,3,2026-06-01T01:35:00+00:00,2026-06-01T01:47:00+00:00,q08,A,1,2,3,1,21.244,2026-06-01T01:36:18.696204+00:00
19,18-24,Humanistico,3,2026-06-01T01:35:00+00:00,2026-06-01T01:47:00+00:00,q03,A,1,3,1,1,22.119,2026-06-01T01:36:43.815623+00:00
19,18-24,Humanistico,3,2026-06-01T01:35:00+00:00,2026-06-01T01:47:00+00:00,q09,A,1,4,1,1,30.411,2026-06-01T01:37:17.227089+00:00
19,18-24,Humanistico,3,2026-06-01T01:35:00+00:00,2026-06-01T01:47:00+00:00,q02,A,1,5,2,1,25.156,2026-06-01T01:37:45.383446+00:00
19,18-24,Humanistico,3,2026-06-01T01:35:00+00:00,2026-06-01T01:47:00+00:00,q06,A,1,6,3,1,32.219,2026-06-01T01:38:20.602385+00:00
19,18-24,Humanistico,3,2026-06-01T01:35:00+00:00,2026-06-01T01:47:00+00:00,q05,A,1,7,2,1,16.594,2026-06-01T01:38:40.195893+00:00
19,18-24,Humanistico,3,2026-06-01T01:35:00+00:00,2026-06-01T01:47:00+00:00,q01,A,1,8,3,1,27.898,2026-06-01T01:39:11.094332+00:00
19,18-24,Humanistico,3,2026-06-01T01:35:00+00:00,2026-06-01T01:47:00+00:00,q10,A,1,9,0,1,23.386,2026-06-01T01:39:37.480499+00:00
19,18-24,Humanistico,3,2026-06-01T01:35:00+00:00,2026-06-01T01:47:00+00:00,q06,B,2,0,0,1,22.931,2026-06-01T01:40:03.411330+00:00
19,18-24,Humanistico,3,2026-06-01T01:35:00+00:00,2026-06-01T01:47:00+00:00,q07,B,2,1,3,0,26.186,2026-06-01T01:40:32.597735+00:00
19,18-24,Humanistico,3,2026-06-01T01:35:00+00:00,2026-06-01T01:47:00+00:00,q05,B,2,2,1,1,14.046,2026-06-01T01:40:49.643461+00:00
19,18-24,Humanistico,3,2026-06-01T01:35:00+00:00,2026-06-01T01:47:00+00:00,q01,B,2,3,2,1,18.931,2026-06-01T01:41:11.574107+00:00
19,18-24,Humanistico,3,2026-06-01T01:35:00+00:00,2026-06-01T01:47:00+00:00,q08,B,2,4,1,1,15.862,2026-06-01T01:41:30.436443+00:00
19,18-24,Humanistico,3,2026-06-01T01:35:00+00:00,2026-06-01T01:47:00+00:00,q03,B,2,5,3,1,27.567,2026-06-01T01:42:01.003759+00:00
19,18-24,Humanistico,3,2026-06-01T01:35:00+00:00,2026-06-01T01:47:00+00:00,q09,B,2,6,1,1,18.473,2026-06-01T01:42:22.476709+00:00
19,18-24,Humanistico,3,2026-06-01T01:35:00+00:00,2026-06-01T01:47:00+00:00,q04,B,2,7,1,1,19.509,2026-06-01T01:42:44.985812+00:00
19,18-24,Humanistico,3,2026-06-01T01:35:00+00:00,2026-06-01T01:47:00+00:00,q10,B,2,8,1,0,19.644,2026-06-01T01:43:07.629440+00:00
19,18-24,Humanistico,3,2026-06-01T01:35:00+00:00,2026-06-01T01:47:00+00:00,q02,B,2,9,2,1,20.624,2026-06-01T01:43:31.253674+00:00
20,18-24,Tecnico,1,2026-06-01T01:40:00+00:00,2026-06-01T01:52:00+00:00,q01,B,1,0,3,1,18.672,2026-06-01T01:40:21.671970+00:00
20,18-24,Tecnico,1,2026-06-01T01:40:00+00:00,2026-06-01T01:52:00+00:00,q09,B,1,1,0,1,19.408,2026-06-01T01:40:44.079821+00:00
20,18-24,Tecnico,1,2026-06-01T01:40:00+00:00,2026-06-01T01:52:00+00:00,q03,B,1,2,1,0,24.232,2026-06-01T01:41:11.311366+00:00
20,18-24,Tecnico,1,2026-06-01T01:40:00+00:00,2026-06-01T01:52:00+00:00,q05,B,1,3,0,1,28.122,2026-06-01T01:41:42.433299+00:00
20,18-24,Tecnico,1,2026-06-01T01:40:00+00:00,2026-06-01T01:52:00+00:00,q02,B,1,4,0,1,14.842,2026-06-01T01:42:00.275700+00:00
20,18-24,Tecnico,1,2026-06-01T01:40:00+00:00,2026-06-01T01:52:00+00:00,q08,B,1,5,0,1,15.555,2026-06-01T01:42:18.830920+00:00
20,18-24,Tecnico,1,2026-06-01T01:40:00+00:00,2026-06-01T01:52:00+00:00,q10,B,1,6,0,1,17.958,2026-06-01T01:42:39.788905+00:00
20,18-24,Tecnico,1,2026-06-01T01:40:00+00:00,2026-06-01T01:52:00+00:00,q06,B,1,7,0,1,17.268,2026-06-01T01:43:00.056538+00:00
20,18-24,Tecnico,1,2026-06-01T01:40:00+00:00,2026-06-01T01:52:00+00:00,q04,B,1,8,2,1,17.008,2026-06-01T01:43:20.064722+00:00
20,18-24,Tecnico,1,2026-06-01T01:40:00+00:00,2026-06-01T01:52:00+00:00,q07,B,1,9,1,1,21.25,2026-06-01T01:43:44.314268+00:00
20,18-24,Tecnico,1,2026-06-01T01:40:00+00:00,2026-06-01T01:52:00+00:00,q05,A,2,0,0,1,15.551,2026-06-01T01:44:02.865176+00:00
20,18-24,Tecnico,1,2026-06-01T01:40:00+00:00,2026-06-01T01:52:00+00:00,q10,A,2,1,3,0,24.813,2026-06-01T01:44:30.678544+00:00
20,18-24,Tecnico,1,2026-06-01T01:40:00+00:00,2026-06-01T01:52:00+00:00,q02,A,2,2,1,0,26.726,2026-06-01T01:45:00.404671+00:00
20,18-24,Tecnico,1,2026-06-01T01:40:00+00:00,2026-06-01T01:52:00+00:00,q01,A,2,3,0,1,27.201,2026-06-01T01:45:30.605265+00:00
20,18-24,Tecnico,1,2026-06-01T01:40:00+00:00,2026-06-01T01:52:00+00:00,q03,A,2,4,3,1,22.578,2026-06-01T01:45:56.183346+00:00
20,18-24,Tecnico,1,2026-06-01T01:40:00+00:00,2026-06-01T01:52:00+00:00,q09,A,2,5,3,0,22.692,2026-06-01T01:46:21.875225+00:00
20,18-24,Tecnico,1,2026-06-01T01:40:00+00:00,2026-06-01T01:52:00+00:00,q06,A,2,6,1,1,20.027,2026-06-01T01:46:44.901886+00:00
20,18-24,Tecnico,1,2026-06-01T01:40:00+00:00,2026-06-01T01:52:00+00:00,q07,A,2,7,3,1,25.363,2026-06-01T01:47:13.265209+00:00
20,18-24,Tecnico,1,2026-06-01T01:40:00+00:00,2026-06-01T01:52:00+00:00,q08,A,2,8,2,1,21.671,2026-06-01T01:47:37.936601+00:00
20,18-24,Tecnico,1,2026-06-01T01:40:00+00:00,2026-06-01T01:52:00+00:00,q04,A,2,9,1,1,27.596,2026-06-01T01:48:08.533002+00:00
21,45-54,Mixto,1,2026-06-01T01:45:00+00:00,2026-06-01T01:57:00+00:00,q05,A,1,0,2,0,23.269,2026-06-01T01:45:26.268973+00:00
21,45-54,Mixto,1,2026-06-01T01:45:00+00:00,2026-06-01T01:57:00+00:00,q04,A,1,1,1,1,18.451,2026-06-01T01:45:47.719563+00:00
21,45-54,Mixto,1,2026-06-01T01:45:00+00:00,2026-06-01T01:57:00+00:00,q02,A,1,2,1,1,31.371,2026-06-01T01:46:22.090092+00:00
21,45-54,Mixto,1,2026-06-01T01:45:00+00:00,2026-06-01T01:57:00+00:00,q01,A,1,3,2,1,21.953,2026-06-01T01:46:47.043448+00:00
21,45-54,Mixto,1,2026-06-01T01:45:00+00:00,2026-06-01T01:57:00+00:00,q08,A,1,4,2,1,28.253,2026-06-01T01:47:18.296326+00:00
21,45-54,Mixto,1,2026-06-01T01:45:00+00:00,2026-06-01T01:57:00+00:00,q09,A,1,5,0,0,22.975,2026-06-01T01:47:44.270950+00:00
21,45-54,Mixto,1,2026-06-01T01:45:00+00:00,2026-06-01T01:57:00+00:00,q03,A,1,6,3,1,25.409,2026-06-01T01:48:12.680086+00:00
21,45-54,Mixto,1,2026-06-01T01:45:00+00:00,2026-06-01T01:57:00+00:00,q10,A,1,7,2,1,24.792,2026-06-01T01:48:40.471939+00:00
21,45-54,Mixto,1,2026-06-01T01:45:00+00:00,2026-06-01T01:57:00+00:00,q07,A,1,8,0,0,21.489,2026-06-01T01:49:04.960499+00:00
21,45-54,Mixto,1,2026-06-01T01:45:00+00:00,2026-06-01T01:57:00+00:00,q06,A,1,9,2,1,27.493,2026-06-01T01:49:35.453429+00:00
21,45-54,Mixto,1,2026-06-01T01:45:00+00:00,2026-06-01T01:57:00+00:00,q07,B,2,0,2,1,19.084,2026-06-01T01:49:57.537707+00:00
21,45-54,Mixto,1,2026-06-01T01:45:00+00:00,2026-06-01T01:57:00+00:00,q05,B,2,1,0,1,10.883,2026-06-01T01:50:11.421122+00:00
21,45-54,Mixto,1,2026-06-01T01:45:00+00:00,2026-06-01T01:57:00+00:00,q10,B,2,2,1,0,20.254,2026-06-01T01:50:34.675089+00:00
21,45-54,Mixto,1,2026-06-01T01:45:00+00:00,2026-06-01T01:57:00+00:00,q04,B,2,3,3,0,14.429,2026-06-01T01:50:52.104225+00:00
21,45-54,Mixto,1,2026-06-01T01:45:00+00:00,2026-06-01T01:57:00+00:00,q08,B,2,4,1,1,23.462,2026-06-01T01:51:18.565863+00:00
21,45-54,Mixto,1,2026-06-01T01:45:00+00:00,2026-06-01T01:57:00+00:00,q01,B,2,5,0,0,18.156,2026-06-01T01:51:39.721837+00:00
21,45-54,Mixto,1,2026-06-01T01:45:00+00:00,2026-06-01T01:57:00+00:00,q09,B,2,6,1,0,21.082,2026-06-01T01:52:03.803927+00:00
21,45-54,Mixto,1,2026-06-01T01:45:00+00:00,2026-06-01T01:57:00+00:00,q03,B,2,7,3,0,13.382,2026-06-01T01:52:20.186326+00:00
21,45-54,Mixto,1,2026-06-01T01:45:00+00:00,2026-06-01T01:57:00+00:00,q06,B,2,8,0,0,15.946,2026-06-01T01:52:39.131851+00:00
21,45-54,Mixto,1,2026-06-01T01:45:00+00:00,2026-06-01T01:57:00+00:00,q02,B,2,9,2,0,11.246,2026-06-01T01:52:53.377362+00:00
22,35-44,Humanistico,3,2026-06-01T01:50:00+00:00,2026-06-01T02:02:00+00:00,q08,B,1,0,0,0,15.044,2026-06-01T01:50:18.043997+00:00
22,35-44,Humanistico,3,2026-06-01T01:50:00+00:00,2026-06-01T02:02:00+00:00,q09,B,1,1,3,1,21.697,2026-06-01T01:50:42.740604+00:00
22,35-44,Humanistico,3,2026-06-01T01:50:00+00:00,2026-06-01T02:02:00+00:00,q10,B,1,2,3,1,27.712,2026-06-01T01:51:13.452753+00:00
22,35-44,Humanistico,3,2026-06-01T01:50:00+00:00,2026-06-01T02:02:00+00:00,q05,B,1,3,2,1,13.763,2026-06-01T01:51:30.215520+00:00
22,35-44,Humanistico,3,2026-06-01T01:50:00+00:00,2026-06-01T02:02:00+00:00,q06,B,1,4,0,1,16.806,2026-06-01T01:51:50.021383+00:00
22,35-44,Humanistico,3,2026-06-01T01:50:00+00:00,2026-06-01T02:02:00+00:00,q03,B,1,5,1,1,13.436,2026-06-01T01:52:06.457269+00:00
22,35-44,Humanistico,3,2026-06-01T01:50:00+00:00,2026-06-01T02:02:00+00:00,q04,B,1,6,3,1,24.063,2026-06-01T01:52:33.520627+00:00
22,35-44,Humanistico,3,2026-06-01T01:50:00+00:00,2026-06-01T02:02:00+00:00,q02,B,1,7,0,1,19.48,2026-06-01T01:52:56.000628+00:00
22,35-44,Humanistico,3,2026-06-01T01:50:00+00:00,2026-06-01T02:02:00+00:00,q01,B,1,8,2,1,12.112,2026-06-01T01:53:11.113075+00:00
22,35-44,Humanistico,3,2026-06-01T01:50:00+00:00,2026-06-01T02:02:00+00:00,q07,B,1,9,3,0,21.134,2026-06-01T01:53:35.247476+00:00
22,35-44,Humanistico,3,2026-06-01T01:50:00+00:00,2026-06-01T02:02:00+00:00,q05,A,2,0,0,0,22.788,2026-06-01T01:54:01.035271+00:00
22,35-44,Humanistico,3,2026-06-01T01:50:00+00:00,2026-06-01T02:02:00+00:00,q02,A,2,1,0,1,34.701,2026-06-01T01:54:38.736618+00:00
22,35-44,Humanistico,3,2026-06-01T01:50:00+00:00,2026-06-01T02:02:00+00:00,q06,A,2,2,2,0,28.847,2026-06-01T01:55:10.583525+00:00
22,35-44,Humanistico,3,2026-06-01T01:50:00+00:00,2026-06-01T02:02:00+00:00,q03,A,2,3,3,0,23.938,2026-06-01T01:55:37.521423+00:00
22,35-44,Humanistico,3,2026-06-01T01:50:00+00:00,2026-06-01T02:02:00+00:00,q10,A,2,4,3,0,26.481,2026-06-01T01:56:07.002457+00:00
22,35-44,Humanistico,3,2026-06-01T01:50:00+00:00,2026-06-01T02:02:00+00:00,q09,A,2,5,0,1,26.958,2026-06-01T01:56:36.960403+00:00
22,35-44,Humanistico,3,2026-06-01T01:50:00+00:00,2026-06-01T02:02:00+00:00,q07,A,2,6,3,1,23.277,2026-06-01T01:57:03.236975+00:00
22,35-44,Humanistico,3,2026-06-01T01:50:00+00:00,2026-06-01T02:02:00+00:00,q01,A,2,7,0,1,23.413,2026-06-01T01:57:29.650188+00:00
22,35-44,Humanistico,3,2026-06-01T01:50:00+00:00,2026-06-01T02:02:00+00:00,q04,A,2,8,3,1,28.62,2026-06-01T01:58:01.270588+00:00
22,35-44,Humanistico,3,2026-06-01T01:50:00+00:00,2026-06-01T02:02:00+00:00,q08,A,2,9,0,0,26.583,2026-06-01T01:58:30.853769+00:00
23,18-24,Mixto,5,2026-06-01T01:55:00+00:00,2026-06-01T02:07:00+00:00,q06,A,1,0,2,0,25.744,2026-06-01T01:55:28.744498+00:00
23,18-24,Mixto,5,2026-06-01T01:55:00+00:00,2026-06-01T02:07:00+00:00,q09,A,1,1,3,0,31.189,2026-06-01T01:56:02.933666+00:00
23,18-24,Mixto,5,2026-06-01T01:55:00+00:00,2026-06-01T02:07:00+00:00,q02,A,1,2,1,1,23.667,2026-06-01T01:56:29.600424+00:00
23,18-24,Mixto,5,2026-06-01T01:55:00+00:00,2026-06-01T02:07:00+00:00,q07,A,1,3,0,1,17.641,2026-06-01T01:56:50.241610+00:00
23,18-24,Mixto,5,2026-06-01T01:55:00+00:00,2026-06-01T02:07:00+00:00,q01,A,1,4,0,0,20.436,2026-06-01T01:57:13.678025+00:00
23,18-24,Mixto,5,2026-06-01T01:55:00+00:00,2026-06-01T02:07:00+00:00,q03,A,1,5,3,0,21.154,2026-06-01T01:57:37.831566+00:00
23,18-24,Mixto,5,2026-06-01T01:55:00+00:00,2026-06-01T02:07:00+00:00,q10,A,1,6,2,1,22.721,2026-06-01T01:58:03.552823+00:00
23,18-24,Mixto,5,2026-06-01T01:55:00+00:00,2026-06-01T02:07:00+00:00,q05,A,1,7,3,0,17.141,2026-06-01T01:58:23.693707+00:00
23,18-24,Mixto,5,2026-06-01T01:55:00+00:00,2026-06-01T02:07:00+00:00,q08,A,1,8,0,0,24.234,2026-06-01T01:58:50.927208+00:00
23,18-24,Mixto,5,2026-06-01T01:55:00+00:00,2026-06-01T02:07:00+00:00,q04,A,1,9,2,1,19.079,2026-06-01T01:59:13.005966+00:00
23,18-24,Mixto,5,2026-06-01T01:55:00+00:00,2026-06-01T02:07:00+00:00,q10,B,2,0,2,1,21.075,2026-06-01T01:59:37.080775+00:00
23,18-24,Mixto,5,2026-06-01T01:55:00+00:00,2026-06-01T02:07:00+00:00,q04,B,2,1,2,0,22.155,2026-06-01T02:00:02.236214+00:00
23,18-24,Mixto,5,2026-06-01T01:55:00+00:00,2026-06-01T02:07:00+00:00,q05,B,2,2,2,0,29.365,2026-06-01T02:00:34.601088+00:00
23,18-24,Mixto,5,2026-06-01T01:55:00+00:00,2026-06-01T02:07:00+00:00,q03,B,2,3,3,1,25.745,2026-06-01T02:01:03.346299+00:00
23,18-24,Mixto,5,2026-06-01T01:55:00+00:00,2026-06-01T02:07:00+00:00,q06,B,2,4,2,1,29.363,2026-06-01T02:01:35.709248+00:00
23,18-24,Mixto,5,2026-06-01T01:55:00+00:00,2026-06-01T02:07:00+00:00,q07,B,2,5,3,0,20.118,2026-06-01T02:01:58.826941+00:00
23,18-24,Mixto,5,2026-06-01T01:55:00+00:00,2026-06-01T02:07:00+00:00,q01,B,2,6,2,1,19.12,2026-06-01T02:02:20.947424+00:00
23,18-24,Mixto,5,2026-06-01T01:55:00+00:00,2026-06-01T02:07:00+00:00,q09,B,2,7,1,1,20.762,2026-06-01T02:02:44.708944+00:00
23,18-24,Mixto,5,2026-06-01T01:55:00+00:00,2026-06-01T02:07:00+00:00,q08,B,2,8,3,1,23.463,2026-06-01T02:03:11.171538+00:00
23,18-24,Mixto,5,2026-06-01T01:55:00+00:00,2026-06-01T02:07:00+00:00,q02,B,2,9,2,0,23.131,2026-06-01T02:03:37.302633+00:00
24,45-54,Humanistico,5,2026-06-01T02:00:00+00:00,2026-06-01T02:12:00+00:00,q03,B,1,0,3,1,14.761,2026-06-01T02:00:17.761267+00:00
24,45-54,Humanistico,5,2026-06-01T02:00:00+00:00,2026-06-01T02:12:00+00:00,q10,B,1,1,2,1,17.209,2026-06-01T02:00:37.969838+00:00
24,45-54,Humanistico,5,2026-06-01T02:00:00+00:00,2026-06-01T02:12:00+00:00,q09,B,1,2,2,1,26.043,2026-06-01T02:01:07.012401+00:00
24,45-54,Humanistico,5,2026-06-01T02:00:00+00:00,2026-06-01T02:12:00+00:00,q08,B,1,3,0,0,21.218,2026-06-01T02:01:31.230571+00:00
24,45-54,Humanistico,5,2026-06-01T02:00:00+00:00,2026-06-01T02:12:00+00:00,q02,B,1,4,1,1,18.712,2026-06-01T02:01:52.942995+00:00
24,45-54,Humanistico,5,2026-06-01T02:00:00+00:00,2026-06-01T02:12:00+00:00,q05,B,1,5,2,0,18.633,2026-06-01T02:02:14.575706+00:00
24,45-54,Humanistico,5,2026-06-01T02:00:00+00:00,2026-06-01T02:12:00+00:00,q06,B,1,6,2,1,18.34,2026-06-01T02:02:35.915681+00:00
24,45-54,Humanistico,5,2026-06-01T02:00:00+00:00,2026-06-01T02:12:00+00:00,q07,B,1,7,3,0,19.52,2026-06-01T02:02:58.435999+00:00
24,45-54,Humanistico,5,2026-06-01T02:00:00+00:00,2026-06-01T02:12:00+00:00,q04,B,1,8,2,1,27.498,2026-06-01T02:03:28.934336+00:00
24,45-54,Humanistico,5,2026-06-01T02:00:00+00:00,2026-06-01T02:12:00+00:00,q01,B,1,9,2,0,24.044,2026-06-01T02:03:55.978770+00:00
24,45-54,Humanistico,5,2026-06-01T02:00:00+00:00,2026-06-01T02:12:00+00:00,q07,A,2,0,1,0,19.006,2026-06-01T02:04:17.984797+00:00
24,45-54,Humanistico,5,2026-06-01T02:00:00+00:00,2026-06-01T02:12:00+00:00,q01,A,2,1,1,1,25.46,2026-06-01T02:04:46.444636+00:00
24,45-54,Humanistico,5,2026-06-01T02:00:00+00:00,2026-06-01T02:12:00+00:00,q04,A,2,2,2,0,15.506,2026-06-01T02:05:04.950894+00:00
24,45-54,Humanistico,5,2026-06-01T02:00:00+00:00,2026-06-01T02:12:00+00:00,q10,A,2,3,0,1,24.316,2026-06-01T02:05:32.267138+00:00
24,45-54,Humanistico,5,2026-06-01T02:00:00+00:00,2026-06-01T02:12:00+00:00,q09,A,2,4,3,1,23.359,2026-06-01T02:05:58.626292+00:00
24,45-54,Humanistico,5,2026-06-01T02:00:00+00:00,2026-06-01T02:12:00+00:00,q06,A,2,5,0,1,26.89,2026-06-01T02:06:28.516201+00:00
24,45-54,Humanistico,5,2026-06-01T02:00:00+00:00,2026-06-01T02:12:00+00:00,q05,A,2,6,3,0,26.386,2026-06-01T02:06:57.901964+00:00
24,45-54,Humanistico,5,2026-06-01T02:00:00+00:00,2026-06-01T02:12:00+00:00,q02,A,2,7,3,1,21.6,2026-06-01T02:07:22.502121+00:00
24,45-54,Humanistico,5,2026-06-01T02:00:00+00:00,2026-06-01T02:12:00+00:00,q08,A,2,8,1,1,26.379,2026-06-01T02:07:51.881266+00:00
24,45-54,Humanistico,5,2026-06-01T02:00:00+00:00,2026-06-01T02:12:00+00:00,q03,A,2,9,2,1,22.412,2026-06-01T02:08:17.292835+00:00
25,35-44,Mixto,4,2026-06-01T02:05:00+00:00,2026-06-01T02:17:00+00:00,q02,A,1,0,3,1,22.377,2026-06-01T02:05:25.376666+00:00
25,35-44,Mixto,4,2026-06-01T02:05:00+00:00,2026-06-01T02:17:00+00:00,q08,A,1,1,1,1,26.387,2026-06-01T02:05:54.763884+00:00
25,35-44,Mixto,4,2026-06-01T02:05:00+00:00,2026-06-01T02:17:00+00:00,q10,A,1,2,1,0,16.15,2026-06-01T02:06:13.913676+00:00
25,35-44,Mixto,4,2026-06-01T02:05:00+00:00,2026-06-01T02:17:00+00:00,q09,A,1,3,1,1,33.39,2026-06-01T02:06:50.303236+00:00
25,35-44,Mixto,4,2026-06-01T02:05:00+00:00,2026-06-01T02:17:00+00:00,q05,A,1,4,0,1,27.302,2026-06-01T02:07:20.605375+00:00
25,35-44,Mixto,4,2026-06-01T02:05:00+00:00,2026-06-01T02:17:00+00:00,q03,A,1,5,2,1,16.611,2026-06-01T02:07:40.216015+00:00
25,35-44,Mixto,4,2026-06-01T02:05:00+00:00,2026-06-01T02:17:00+00:00,q04,A,1,6,3,1,21.998,2026-06-01T02:08:05.213533+00:00
25,35-44,Mixto,4,2026-06-01T02:05:00+00:00,2026-06-01T02:17:00+00:00,q06,A,1,7,2,0,23.676,2026-06-01T02:08:31.889801+00:00
25,35-44,Mixto,4,2026-06-01T02:05:00+00:00,2026-06-01T02:17:00+00:00,q07,A,1,8,3,0,13.451,2026-06-01T02:08:48.341162+00:00
25,35-44,Mixto,4,2026-06-01T02:05:00+00:00,2026-06-01T02:17:00+00:00,q01,A,1,9,1,0,24.209,2026-06-01T02:09:15.549949+00:00
25,35-44,Mixto,4,2026-06-01T02:05:00+00:00,2026-06-01T02:17:00+00:00,q10,B,2,0,2,1,21.299,2026-06-01T02:09:39.849394+00:00
25,35-44,Mixto,4,2026-06-01T02:05:00+00:00,2026-06-01T02:17:00+00:00,q07,B,2,1,3,1,28.437,2026-06-01T02:10:11.286167+00:00
25,35-44,Mixto,4,2026-06-01T02:05:00+00:00,2026-06-01T02:17:00+00:00,q01,B,2,2,3,0,23.147,2026-06-01T02:10:37.432903+00:00
25,35-44,Mixto,4,2026-06-01T02:05:00+00:00,2026-06-01T02:17:00+00:00,q04,B,2,3,3,0,26.369,2026-06-01T02:11:06.801651+00:00
25,35-44,Mixto,4,2026-06-01T02:05:00+00:00,2026-06-01T02:17:00+00:00,q06,B,2,4,2,1,23.528,2026-06-01T02:11:33.329326+00:00
25,35-44,Mixto,4,2026-06-01T02:05:00+00:00,2026-06-01T02:17:00+00:00,q09,B,2,5,1,0,25.728,2026-06-01T02:12:02.057497+00:00
25,35-44,Mixto,4,2026-06-01T02:05:00+00:00,2026-06-01T02:17:00+00:00,q08,B,2,6,2,1,12.521,2026-06-01T02:12:17.578397+00:00
25,35-44,Mixto,4,2026-06-01T02:05:00+00:00,2026-06-01T02:17:00+00:00,q05,B,2,7,1,1,21.661,2026-06-01T02:12:42.239535+00:00
25,35-44,Mixto,4,2026-06-01T02:05:00+00:00,2026-06-01T02:17:00+00:00,q02,B,2,8,3,0,16.958,2026-06-01T02:13:02.197296+00:00
25,35-44,Mixto,4,2026-06-01T02:05:00+00:00,2026-06-01T02:17:00+00:00,q03,B,2,9,1,1,14.221,2026-06-01T02:13:19.418459+00:00
26,45-54,Humanistico,4,2026-06-01T02:10:00+00:00,2026-06-01T02:22:00+00:00,q08,B,1,0,2,1,15.183,2026-06-01T02:10:18.183305+00:00
26,45-54,Humanistico,4,2026-06-01T02:10:00+00:00,2026-06-01T02:22:00+00:00,q01,B,1,1,2,0,17.334,2026-06-01T02:10:38.517090+00:00
26,45-54,Humanistico,4,2026-06-01T02:10:00+00:00,2026-06-01T02:22:00+00:00,q06,B,1,2,1,1,23.065,2026-06-01T02:11:04.581896+00:00
26,45-54,Humanistico,4,2026-06-01T02:10:00+00:00,2026-06-01T02:22:00+00:00,q02,B,1,3,2,0,20.106,2026-06-01T02:11:27.687437+00:00
26,45-54,Humanistico,4,2026-06-01T02:10:00+00:00,2026-06-01T02:22:00+00:00,q07,B,1,4,3,0,19.946,2026-06-01T02:11:50.633094+00:00
26,45-54,Humanistico,4,2026-06-01T02:10:00+00:00,2026-06-01T02:22:00+00:00,q09,B,1,5,2,1,14.698,2026-06-01T02:12:08.331059+00:00
26,45-54,Humanistico,4,2026-06-01T02:10:00+00:00,2026-06-01T02:22:00+00:00,q04,B,1,6,2,1,10.7,2026-06-01T02:12:22.031472+00:00
26,45-54,Humanistico,4,2026-06-01T02:10:00+00:00,2026-06-01T02:22:00+00:00,q05,B,1,7,2,1,24.996,2026-06-01T02:12:50.027884+00:00
26,45-54,Humanistico,4,2026-06-01T02:10:00+00:00,2026-06-01T02:22:00+00:00,q10,B,1,8,3,1,17.047,2026-06-01T02:13:10.074994+00:00
26,45-54,Humanistico,4,2026-06-01T02:10:00+00:00,2026-06-01T02:22:00+00:00,q03,B,1,9,0,1,13.192,2026-06-01T02:13:26.267157+00:00
26,45-54,Humanistico,4,2026-06-01T02:10:00+00:00,2026-06-01T02:22:00+00:00,q07,A,2,0,0,1,26.901,2026-06-01T02:13:56.167818+00:00
26,45-54,Humanistico,4,2026-06-01T02:10:00+00:00,2026-06-01T02:22:00+00:00,q01,A,2,1,3,0,31.627,2026-06-01T02:14:30.794444+00:00
26,45-54,Humanistico,4,2026-06-01T02:10:00+00:00,2026-06-01T02:22:00+00:00,q08,A,2,2,1,1,24.769,2026-06-01T02:14:58.563718+00:00
26,45-54,Humanistico,4,2026-06-01T02:10:00+00:00,2026-06-01T02:22:00+00:00,q05,A,2,3,1,1,19.029,2026-06-01T02:15:20.592311+00:00
26,45-54,Humanistico,4,2026-06-01T02:10:00+00:00,2026-06-01T02:22:00+00:00,q06,A,2,4,0,1,30.704,2026-06-01T02:15:54.296420+00:00
26,45-54,Humanistico,4,2026-06-01T02:10:00+00:00,2026-06-01T02:22:00+00:00,q04,A,2,5,3,0,24.086,2026-06-01T02:16:21.382144+00:00
26,45-54,Humanistico,4,2026-06-01T02:10:00+00:00,2026-06-01T02:22:00+00:00,q09,A,2,6,0,1,26.211,2026-06-01T02:16:50.592664+00:00
26,45-54,Humanistico,4,2026-06-01T02:10:00+00:00,2026-06-01T02:22:00+00:00,q03,A,2,7,1,0,25.33,2026-06-01T02:17:18.922779+00:00
26,45-54,Humanistico,4,2026-06-01T02:10:00+00:00,2026-06-01T02:22:00+00:00,q02,A,2,8,1,1,27.235,2026-06-01T02:17:49.157722+00:00
26,45-54,Humanistico,4,2026-06-01T02:10:00+00:00,2026-06-01T02:22:00+00:00,q10,A,2,9,3,1,26.361,2026-06-01T02:18:18.518575+00:00
27,18-24,Humanistico,4,2026-06-01T02:15:00+00:00,2026-06-01T02:27:00+00:00,q03,A,1,0,2,1,15.154,2026-06-01T02:15:18.153949+00:00
27,18-24,Humanistico,4,2026-06-01T02:15:00+00:00,2026-06-01T02:27:00+00:00,q04,A,1,1,0,1,29.527,2026-06-01T02:15:50.680891+00:00
27,18-24,Humanistico,4,2026-06-01T02:15:00+00:00,2026-06-01T02:27:00+00:00,q01,A,1,2,2,0,21.511,2026-06-01T02:16:15.191657+00:00
27,18-24,Humanistico,4,2026-06-01T02:15:00+00:00,2026-06-01T02:27:00+00:00,q09,A,1,3,0,0,26.189,2026-06-01T02:16:44.380545+00:00
27,18-24,Humanistico,4,2026-06-01T02:15:00+00:00,2026-06-01T02:27:00+00:00,q06,A,1,4,0,1,17.586,2026-06-01T02:17:04.966620+00:00
27,18-24,Humanistico,4,2026-06-01T02:15:00+00:00,2026-06-01T02:27:00+00:00,q08,A,1,5,3,0,24.144,2026-06-01T02:17:32.110736+00:00
27,18-24,Humanistico,4,2026-06-01T02:15:00+00:00,2026-06-01T02:27:00+00:00,q02,A,1,6,2,0,27.113,2026-06-01T02:18:02.223540+00:00
27,18-24,Humanistico,4,2026-06-01T02:15:00+00:00,2026-06-01T02:27:00+00:00,q05,A,1,7,1,1,27.723,2026-06-01T02:18:32.946795+00:00
27,18-24,Humanistico,4,2026-06-01T02:15:00+00:00,2026-06-01T02:27:00+00:00,q07,A,1,8,2,1,25.225,2026-06-01T02:19:01.171318+00:00
27,18-24,Humanistico,4,2026-06-01T02:15:00+00:00,2026-06-01T02:27:00+00:00,q10,A,1,9,2,0,24.25,2026-06-01T02:19:28.420966+00:00
27,18-24,Humanistico,4,2026-06-01T02:15:00+00:00,2026-06-01T02:27:00+00:00,q01,B,2,0,1,0,13.418,2026-06-01T02:19:44.838822+00:00
27,18-24,Humanistico,4,2026-06-01T02:15:00+00:00,2026-06-01T02:27:00+00:00,q09,B,2,1,3,0,23.158,2026-06-01T02:20:10.996367+00:00
27,18-24,Humanistico,4,2026-06-01T02:15:00+00:00,2026-06-01T02:27:00+00:00,q08,B,2,2,1,1,30.025,2026-06-01T02:20:44.021565+00:00
27,18-24,Humanistico,4,2026-06-01T02:15:00+00:00,2026-06-01T02:27:00+00:00,q10,B,2,3,2,0,27.553,2026-06-01T02:21:14.574373+00:00
27,18-24,Humanistico,4,2026-06-01T02:15:00+00:00,2026-06-01T02:27:00+00:00,q02,B,2,4,2,1,17.076,2026-06-01T02:21:34.650282+00:00
27,18-24,Humanistico,4,2026-06-01T02:15:00+00:00,2026-06-01T02:27:00+00:00,q05,B,2,5,3,0,21.184,2026-06-01T02:21:58.834497+00:00
27,18-24,Humanistico,4,2026-06-01T02:15:00+00:00,2026-06-01T02:27:00+00:00,q04,B,2,6,1,0,19.625,2026-06-01T02:22:21.459351+00:00
27,18-24,Humanistico,4,2026-06-01T02:15:00+00:00,2026-06-01T02:27:00+00:00,q07,B,2,7,3,0,21.89,2026-06-01T02:22:46.349438+00:00
27,18-24,Humanistico,4,2026-06-01T02:15:00+00:00,2026-06-01T02:27:00+00:00,q06,B,2,8,1,1,13.217,2026-06-01T02:23:02.566224+00:00
27,18-24,Humanistico,4,2026-06-01T02:15:00+00:00,2026-06-01T02:27:00+00:00,q03,B,2,9,2,1,16.951,2026-06-01T02:23:22.516961+00:00
28,35-44,Humanistico,5,2026-06-01T02:20:00+00:00,2026-06-01T02:32:00+00:00,q06,B,1,0,3,0,19.406,2026-06-01T02:20:22.406139+00:00
28,35-44,Humanistico,5,2026-06-01T02:20:00+00:00,2026-06-01T02:32:00+00:00,q07,B,1,1,0,0,13.395,2026-06-01T02:20:38.801520+00:00
28,35-44,Humanistico,5,2026-06-01T02:20:00+00:00,2026-06-01T02:32:00+00:00,q01,B,1,2,2,1,17.766,2026-06-01T02:20:59.567635+00:00
28,35-44,Humanistico,5,2026-06-01T02:20:00+00:00,2026-06-01T02:32:00+00:00,q05,B,1,3,2,1,18.044,2026-06-01T02:21:20.611409+00:00
28,35-44,Humanistico,5,2026-06-01T02:20:00+00:00,2026-06-01T02:32:00+00:00,q08,B,1,4,1,1,12.702,2026-06-01T02:21:36.313008+00:00
28,35-44,Humanistico,5,2026-06-01T02:20:00+00:00,2026-06-01T02:32:00+00:00,q04,B,1,5,3,1,17.928,2026-06-01T02:21:57.240722+00:00
28,35-44,Humanistico,5,2026-06-01T02:20:00+00:00,2026-06-01T02:32:00+00:00,q03,B,1,6,0,1,10.233,2026-06-01T02:22:10.474162+00:00
28,35-44,Humanistico,5,2026-06-01T02:20:00+00:00,2026-06-01T02:32:00+00:00,q09,B,1,7,1,1,18.096,2026-06-01T02:22:31.569721+00:00
28,35-44,Humanistico,5,2026-06-01T02:20:00+00:00,2026-06-01T02:32:00+00:00,q10,B,1,8,3,0,24.305,2026-06-01T02:22:58.874392+00:00
28,35-44,Humanistico,5,2026-06-01T02:20:00+00:00,2026-06-01T02:32:00+00:00,q02,B,1,9,3,1,10.442,2026-06-01T02:23:12.316299+00:00
28,35-44,Humanistico,5,2026-06-01T02:20:00+00:00,2026-06-01T02:32:00+00:00,q02,A,2,0,0,1,19.379,2026-06-01T02:23:34.695093+00:00
28,35-44,Humanistico,5,2026-06-01T02:20:00+00:00,2026-06-01T02:32:00+00:00,q09,A,2,1,0,1,19.13,2026-06-01T02:23:56.824811+00:00
28,35-44,Humanistico,5,2026-06-01T02:20:00+00:00,2026-06-01T02:32:00+00:00,q10,A,2,2,3,1,29.735,2026-06-01T02:24:29.559701+00:00
28,35-44,Humanistico,5,2026-06-01T02:20:00+00:00,2026-06-01T02:32:00+00:00,q03,A,2,3,0,1,21.05,2026-06-01T02:24:53.609474+00:00
28,35-44,Humanistico,5,2026-06-01T02:20:00+00:00,2026-06-01T02:32:00+00:00,q01,A,2,4,3,0,25.158,2026-06-01T02:25:21.767072+00:00
28,35-44,Humanistico,5,2026-06-01T02:20:00+00:00,2026-06-01T02:32:00+00:00,q04,A,2,5,3,1,24.871,2026-06-01T02:25:49.637575+00:00
28,35-44,Humanistico,5,2026-06-01T02:20:00+00:00,2026-06-01T02:32:00+00:00,q06,A,2,6,2,1,22.831,2026-06-01T02:26:15.468230+00:00
28,35-44,Humanistico,5,2026-06-01T02:20:00+00:00,2026-06-01T02:32:00+00:00,q05,A,2,7,1,1,19.253,2026-06-01T02:26:37.721226+00:00
28,35-44,Humanistico,5,2026-06-01T02:20:00+00:00,2026-06-01T02:32:00+00:00,q08,A,2,8,3,1,25.468,2026-06-01T02:27:06.188898+00:00
28,35-44,Humanistico,5,2026-06-01T02:20:00+00:00,2026-06-01T02:32:00+00:00,q07,A,2,9,2,0,31.205,2026-06-01T02:27:40.393951+00:00
29,25-34,Mixto,4,2026-06-01T02:25:00+00:00,2026-06-01T02:37:00+00:00,q07,A,1,0,2,1,22.4,2026-06-01T02:25:25.400424+00:00
29,25-34,Mixto,4,2026-06-01T02:25:00+00:00,2026-06-01T02:37:00+00:00,q03,A,1,1,1,1,22.624,2026-06-01T02:25:51.024741+00:00
29,25-34,Mixto,4,2026-06-01T02:25:00+00:00,2026-06-01T02:37:00+00:00,q04,A,1,2,2,0,32.182,2026-06-01T02:26:26.206506+00:00
29,25-34,Mixto,4,2026-06-01T02:25:00+00:00,2026-06-01T02:37:00+00:00,q09,A,1,3,1,1,20.671,2026-06-01T02:26:49.877494+00:00
29,25-34,Mixto,4,2026-06-01T02:25:00+00:00,2026-06-01T02:37:00+00:00,q06,A,1,4,2,0,21.734,2026-06-01T02:27:14.611549+00:00
29,25-34,Mixto,4,2026-06-01T02:25:00+00:00,2026-06-01T02:37:00+00:00,q08,A,1,5,0,1,20.56,2026-06-01T02:27:38.171499+00:00
29,25-34,Mixto,4,2026-06-01T02:25:00+00:00,2026-06-01T02:37:00+00:00,q01,A,1,6,1,1,19.89,2026-06-01T02:28:01.061282+00:00
29,25-34,Mixto,4,2026-06-01T02:25:00+00:00,2026-06-01T02:37:00+00:00,q05,A,1,7,3,0,21.145,2026-06-01T02:28:25.206717+00:00
29,25-34,Mixto,4,2026-06-01T02:25:00+00:00,2026-06-01T02:37:00+00:00,q02,A,1,8,0,1,23.694,2026-06-01T02:28:51.900564+00:00
29,25-34,Mixto,4,2026-06-01T02:25:00+00:00,2026-06-01T02:37:00+00:00,q10,A,1,9,2,1,25.302,2026-06-01T02:29:20.203038+00:00
29,25-34,Mixto,4,2026-06-01T02:25:00+00:00,2026-06-01T02:37:00+00:00,q02,B,2,0,1,1,26.142,2026-06-01T02:29:49.344930+00:00
29,25-34,Mixto,4,2026-06-01T02:25:00+00:00,2026-06-01T02:37:00+00:00,q05,B,2,1,2,0,9.767,2026-06-01T02:30:02.112152+00:00
29,25-34,Mixto,4,2026-06-01T02:25:00+00:00,2026-06-01T02:37:00+00:00,q04,B,2,2,3,1,22.889,2026-06-01T02:30:28.000749+00:00
29,25-34,Mixto,4,2026-06-01T02:25:00+00:00,2026-06-01T02:37:00+00:00,q08,B,2,3,3,1,13.314,2026-06-01T02:30:44.314294+00:00
29,25-34,Mixto,4,2026-06-01T02:25:00+00:00,2026-06-01T02:37:00+00:00,q07,B,2,4,2,1,24.265,2026-06-01T02:31:11.579458+00:00
29,25-34,Mixto,4,2026-06-01T02:25:00+00:00,2026-06-01T02:37:00+00:00,q01,B,2,5,0,0,21.15,2026-06-01T02:31:35.729596+00:00
29,25-34,Mixto,4,2026-06-01T02:25:00+00:00,2026-06-01T02:37:00+00:00,q03,B,2,6,0,1,12.221,2026-06-01T02:31:50.950516+00:00
29,25-34,Mixto,4,2026-06-01T02:25:00+00:00,2026-06-01T02:37:00+00:00,q10,B,2,7,2,0,19.378,2026-06-01T02:32:13.328612+00:00
29,25-34,Mixto,4,2026-06-01T02:25:00+00:00,2026-06-01T02:37:00+00:00,q06,B,2,8,0,1,18.139,2026-06-01T02:32:34.467961+00:00
29,25-34,Mixto,4,2026-06-01T02:25:00+00:00,2026-06-01T02:37:00+00:00,q09,B,2,9,1,1,18.721,2026-06-01T02:32:56.189369+00:00
30,25-34,Mixto,1,2026-06-01T02:30:00+00:00,2026-06-01T02:42:00+00:00,q01,B,1,0,2,1,21.15,2026-06-01T02:30:24.149976+00:00
30,25-34,Mixto,1,2026-06-01T02:30:00+00:00,2026-06-01T02:42:00+00:00,q08,B,1,1,1,0,18.059,2026-06-01T02:30:45.209042+00:00
30,25-34,Mixto,1,2026-06-01T02:30:00+00:00,2026-06-01T02:42:00+00:00,q09,B,1,2,1,1,23.917,2026-06-01T02:31:12.126125+00:00
30,25-34,Mixto,1,2026-06-01T02:30:00+00:00,2026-06-01T02:42:00+00:00,q06,B,1,3,2,0,11.148,2026-06-01T02:31:26.273830+00:00
30,25-34,Mixto,1,2026-06-01T02:30:00+00:00,2026-06-01T02:42:00+00:00,q03,B,1,4,2,1,25.131,2026-06-01T02:31:54.405090+00:00
30,25-34,Mixto,1,2026-06-01T02:30:00+00:00,2026-06-01T02:42:00+00:00,q05,B,1,5,3,1,22.83,2026-06-01T02:32:20.235026+00:00
30,25-34,Mixto,1,2026-06-01T02:30:00+00:00,2026-06-01T02:42:00+00:00,q10,B,1,6,3,0,26.547,2026-06-01T02:32:49.782054+00:00
30,25-34,Mixto,1,2026-06-01T02:30:00+00:00,2026-06-01T02:42:00+00:00,q02,B,1,7,3,1,23.139,2026-06-01T02:33:15.920597+00:00
30,25-34,Mixto,1,2026-06-01T02:30:00+00:00,2026-06-01T02:42:00+00:00,q07,B,1,8,0,1,15.307,2026-06-01T02:33:34.227821+00:00
30,25-34,Mixto,1,2026-06-01T02:30:00+00:00,2026-06-01T02:42:00+00:00,q04,B,1,9,2,1,20.369,2026-06-01T02:33:57.597265+00:00
30,25-34,Mixto,1,2026-06-01T02:30:00+00:00,2026-06-01T02:42:00+00:00,q10,A,2,0,3,1,19.497,2026-06-01T02:34:20.094019+00:00
30,25-34,Mixto,1,2026-06-01T02:30:00+00:00,2026-06-01T02:42:00+00:00,q08,A,2,1,0,1,25.137,2026-06-01T02:34:48.231339+00:00
30,25-34,Mixto,1,2026-06-01T02:30:00+00:00,2026-06-01T02:42:00+00:00,q03,A,2,2,0,1,27.778,2026-06-01T02:35:19.009127+00:00
30,25-34,Mixto,1,2026-06-01T02:30:00+00:00,2026-06-01T02:42:00+00:00,q04,A,2,3,2,1,25.971,2026-06-01T02:35:47.980511+00:00
30,25-34,Mixto,1,2026-06-01T02:30:00+00:00,2026-06-01T02:42:00+00:00,q06,A,2,4,0,1,26.996,2026-06-01T02:36:17.976049+00:00
30,25-34,Mixto,1,2026-06-01T02:30:00+00:00,2026-06-01T02:42:00+00:00,q07,A,2,5,0,0,24.292,2026-06-01T02:36:45.267712+00:00
30,25-34,Mixto,1,2026-06-01T02:30:00+00:00,2026-06-01T02:42:00+00:00,q02,A,2,6,0,1,19.133,2026-06-01T02:37:07.400471+00:00
30,25-34,Mixto,1,2026-06-01T02:30:00+00:00,2026-06-01T02:42:00+00:00,q05,A,2,7,1,1,20.445,2026-06-01T02:37:30.845106+00:00
30,25-34,Mixto,1,2026-06-01T02:30:00+00:00,2026-06-01T02:42:00+00:00,q09,A,2,8,3,1,26.218,2026-06-01T02:38:00.062625+00:00
30,25-34,Mixto,1,2026-06-01T02:30:00+00:00,2026-06-01T02:42:00+00:00,q01,A,2,9,1,0,24.122,2026-06-01T02:38:27.184690+00:00
